pr_auc,roc_auc,mcc,f1,balanced_accuracy,accuracy,precision,sensitivity,specificity,brier,log_loss,ece10,threshold,tn,fp,fn,tp,model,outer_fold,inner_pr_auc,runtime_seconds,train_patients,test_patients,train_examples,test_examples,eligible_for_selection,comparison_role,imbalance_strategy,validation_mode,run_seed,output_tag
0.07277792901916325,0.5643620364550598,0.11626072271415426,0.1686746987951807,0.5643620364550597,0.8988269794721407,0.15217391304347827,0.1891891891891892,0.9395348837209302,0.10117301850439891,1.8636759197459647,0.10117301052785922,0.01,606,39,30,7,dummy,1,,0.4498105049133301,320,80,2717,682,False,baseline,class_weight,grouped,42,primary
0.05409834613374436,0.4932327022810642,0.0,0.1034965034965035,0.5,0.05457227138643068,0.05457227138643068,1.0,0.0,0.09144542589970511,1.6844870385758162,0.09144541772861356,0.0,0,641,0,37,dummy,2,,0.4155886173248291,320,80,2721,678,False,baseline,class_weight,grouped,42,primary
0.054252199413489736,0.4744186046511628,0.0,0.10292072322670376,0.5,0.054252199413489736,0.054252199413489736,1.0,0.0,0.10263929413489745,1.8906857155877548,0.10263928618768328,0.0,0,645,0,37,dummy,3,,0.420407772064209,320,80,2717,682,False,baseline,class_weight,grouped,42,primary
0.05507419183889772,0.5052540876802153,0.011606902986093882,0.05970149253731343,0.5052540876802152,0.9073529411764706,0.06666666666666667,0.05405405405405406,0.9564541213063764,0.09264705697058831,1.7066219013210384,0.09264704882352941,0.01,615,28,35,2,dummy,4,,0.4200904369354248,320,80,2719,680,False,baseline,class_weight,grouped,42,primary
0.0546205113652916,0.499683277027027,0.0,0.10364145658263306,0.5,0.05465288035450517,0.05465288035450517,1.0,0.0,0.10339733914327925,1.9046494209317568,0.10339733121122599,0.0,0,640,0,37,dummy,5,,0.42392539978027344,320,80,2722,677,False,baseline,class_weight,grouped,42,primary
0.12808645591658427,0.6786297925832809,0.09653423627070737,0.14285714285714285,0.6042740414833438,0.6129032258064516,0.08118081180811808,0.5945945945945946,0.6139534883720931,0.27158137707861096,0.7829111155041513,0.44189252132367934,0.48247685576052113,396,249,15,22,time_only_logistic,1,,2.592203140258789,320,80,2717,682,False,baseline,class_weight,grouped,42,primary
0.1286115708375828,0.6884302399122992,0.1355359993523258,0.17989417989417988,0.624425517561243,0.7713864306784661,0.1118421052631579,0.4594594594594595,0.7893915756630265,0.20468092092985313,0.6018361408066223,0.3834199835140724,0.5180227542697949,506,135,20,17,time_only_logistic,2,,2.615885019302368,320,80,2721,678,False,baseline,class_weight,grouped,42,primary
0.09516888456591652,0.6890425309029962,0.16068187411627372,0.19004524886877827,0.6574271946364969,0.7375366568914956,0.11413043478260869,0.5675675675675675,0.7472868217054264,0.21294297999403342,0.6223613273724334,0.39155662608726005,0.4945220688740545,482,163,16,21,time_only_logistic,3,,2.6404550075531006,320,80,2717,682,False,baseline,class_weight,grouped,42,primary
0.17692356679329274,0.7188852927577656,0.17020302524038355,0.18374558303886926,0.6802782564835442,0.6602941176470588,0.10569105691056911,0.7027027027027027,0.6578538102643857,0.2174463841271491,0.6285384922676084,0.4016242787774909,0.46459558489699776,423,220,11,26,time_only_logistic,4,,2.6958296298980713,320,80,2719,680,False,baseline,class_weight,grouped,42,primary
0.12385197604481409,0.6742820945945946,0.11099737526334193,0.15081967213114755,0.6194045608108107,0.6174298375184638,0.08582089552238806,0.6216216216216216,0.6171875,0.22872863331790322,0.6535467027461314,0.40822231813281906,0.4704196545228782,395,245,14,23,time_only_logistic,5,,2.5736958980560303,320,80,2722,677,False,baseline,class_weight,grouped,42,primary
0.3958263399680865,0.8545568824638593,0.3933529020468867,0.4266666666666667,0.6991619526503248,0.9369501466275659,0.42105263157894735,0.43243243243243246,0.9658914728682171,0.15404218667872446,0.46404278555261363,0.2789479874292675,0.8022910735124044,623,22,21,16,logistic_regression,1,0.34742379634900855,6.50510311126709,320,80,2717,682,True,main,class_weight,grouped,42,primary
0.2915514714285192,0.8367837416199351,0.30570971990328105,0.33962264150943394,0.7034616519795927,0.8967551622418879,0.2608695652173913,0.4864864864864865,0.9204368174726989,0.14498922397073552,0.4418916404984269,0.26375053935386233,0.6971250928668761,590,51,19,18,logistic_regression,2,0.33275919581359575,6.411545753479004,320,80,2721,678,True,main,class_weight,grouped,42,primary
0.5015376514359293,0.8791535721768281,0.4112453456303562,0.4122137404580153,0.8129268803687408,0.8870967741935484,0.2872340425531915,0.7297297297297297,0.896124031007752,0.14972013469447973,0.45244069295703265,0.27941060089371705,0.6760814843523294,578,67,10,27,logistic_regression,3,0.31835534636270074,6.487325668334961,320,80,2717,682,True,main,class_weight,grouped,42,primary
0.4140069895157564,0.8485982094069187,0.35888544033002284,0.3880597014925373,0.6624563910722542,0.9397058823529412,0.43333333333333335,0.35135135135135137,0.973561430793157,0.14146643149043658,0.43503770215220255,0.2648692236817754,0.7623124248198937,626,17,24,13,logistic_regression,4,0.34394428054687776,6.257875919342041,320,80,2719,680,True,main,class_weight,grouped,42,primary
0.3317345293165704,0.8288429054054054,0.3087966088810496,0.34285714285714286,0.7041807432432432,0.8980797636632201,0.2647058823529412,0.4864864864864865,0.921875,0.15967804290818718,0.47923183607559083,0.28207738209353295,0.7265646314303617,590,50,19,18,logistic_regression,5,0.36621502698776937,6.362531900405884,320,80,2722,677,True,main,class_weight,grouped,42,primary
0.45075995526837465,0.9212025979467839,0.6013926708597473,0.6233766233766234,0.8119212235491305,0.9574780058651027,0.6,0.6486486486486487,0.9751937984496124,0.10724316637792476,0.34320728105679693,0.19396906397707983,0.8712121212121212,629,16,13,24,decision_tree,1,0.4111275204978429,1.7377560138702393,320,80,2717,682,True,main,class_weight,grouped,42,primary
0.37589501800833514,0.8638950963443943,0.5308822037016194,0.5555555555555556,0.7585698022515495,0.9528023598820059,0.5714285714285714,0.5405405405405406,0.9765990639625585,0.12055405231885669,0.3989694965416681,0.2066870496532369,0.8266666666666667,626,15,17,20,decision_tree,2,0.4588366443243543,1.8591818809509277,320,80,2721,678,True,main,class_weight,grouped,42,primary
0.4379756835633236,0.7570500733291431,0.5016991829660726,0.5277777777777778,0.7443536559815629,0.9501466275659824,0.5428571428571428,0.5135135135135135,0.9751937984496124,0.10968902395777211,0.6346253972867291,0.14762926958174005,0.9009090909090909,629,16,18,19,decision_tree,3,0.46857836944010717,1.818662166595459,320,80,2717,682,True,main,class_weight,grouped,42,primary
0.4448226781546915,0.830713294943466,0.5865546653101756,0.5901639344262295,0.7385776133832122,0.9632352941176471,0.75,0.4864864864864865,0.9906687402799378,0.10941173235763921,0.5152535800198861,0.14201436511092502,0.9256565656565656,637,6,19,18,decision_tree,4,0.4202186345056977,1.906177282333374,320,80,2719,680,True,main,class_weight,grouped,42,primary
0.44424805499640363,0.8983530405405405,0.5601925791837138,0.5833333333333334,0.7728462837837837,0.9556868537666174,0.6,0.5675675675675675,0.978125,0.11210579613529678,0.349543628214689,0.19771588105467675,0.8266666666666667,626,14,16,21,decision_tree,5,0.45293307440365643,1.807936429977417,320,80,2722,677,True,main,class_weight,grouped,42,primary
0.6034896737078462,0.9170333123821496,0.6100927027482749,0.631578947368421,0.8126964173475801,0.9589442815249267,0.6153846153846154,0.6486486486486487,0.9767441860465116,0.053754848601303216,0.2062979455459372,0.1124535444278647,0.6484848484848484,630,15,13,24,random_forest,1,0.497118716481459,153.78704380989075,320,80,2717,682,True,main,class_weight,grouped,42,primary
0.5071381204054539,0.8927773327149303,0.5166663228573916,0.5373134328358209,0.7338828688282666,0.9542772861356932,0.6,0.4864864864864865,0.9812792511700468,0.04978505428012059,0.2090492099773964,0.07951407109497988,0.7672727272727272,629,12,19,18,random_forest,2,0.5591086791003111,135.0104410648346,320,80,2721,678,True,main,class_weight,grouped,42,primary
0.519766490344427,0.9004399748585795,0.5141839513932537,0.5405405405405406,0.7570919756966269,0.9501466275659824,0.5405405405405406,0.5405405405405406,0.9736434108527132,0.04989647012723168,0.1888641000720291,0.08260517174094065,0.6484848484848484,628,17,17,20,random_forest,3,0.4969529165628031,128.0863220691681,320,80,2717,682,True,main,class_weight,grouped,42,primary
0.5236758870132149,0.9135387331343786,0.6095925696973523,0.6285714285714286,0.7887436425539069,0.961764705882353,0.6666666666666666,0.5945945945945946,0.9828926905132193,0.03773003265316745,0.1526226937054964,0.058665356226684,0.5148484848484849,632,11,15,22,random_forest,4,0.5343655163761251,116.4097318649292,320,80,2719,680,True,main,class_weight,grouped,42,primary
0.5233441046057615,0.9038851351351352,0.5601925791837138,0.5833333333333334,0.7728462837837837,0.9556868537666174,0.6,0.5675675675675675,0.978125,0.034641607558728936,0.1315204109969515,0.016333652426990843,0.31119781016748777,626,14,16,21,random_forest,5,0.5077734924094092,90.65520739555359,320,80,2722,677,True,main,class_weight,grouped,42,primary
0.6149104957581967,0.8591661428870732,0.569482111424133,0.5925925925925926,0.8088204483553321,0.9516129032258065,0.5454545454545454,0.6486486486486487,0.9689922480620154,0.03861111700568131,0.1758942497179206,0.03863830945044231,0.45545454545454545,625,20,13,24,xgboost,1,0.548486381702987,45.62971258163452,320,80,2717,682,True,main,class_weight,grouped,42,primary
0.529414457501811,0.8832483029050892,0.5049052859230736,0.5230769230769231,0.7211493865160012,0.9542772861356932,0.6071428571428571,0.4594594594594595,0.982839313572543,0.04553756268529173,0.16477025979003357,0.038193199481021144,0.7375757575757576,630,11,20,17,xgboost,2,0.5886298241930286,38.15158438682556,320,80,2721,678,True,main,class_weight,grouped,42,primary
0.5997829991722629,0.9341294783155247,0.560373425062079,0.5833333333333334,0.7729310706054893,0.9560117302052786,0.6,0.5675675675675675,0.9782945736434109,0.047905440709036955,0.16280349492142607,0.06540087919116064,0.6979797979797979,631,14,16,21,xgboost,3,0.5631688378019556,39.97531723976135,320,80,2717,682,True,main,class_weight,grouped,42,primary
0.5300167391345586,0.9016014459249295,0.5376057908763283,0.5538461538461539,0.7354671934765247,0.9573529411764706,0.6428571428571429,0.4864864864864865,0.9844479004665629,0.044709406370607885,0.16399628712515854,0.05623724678401178,0.7573737373737374,633,10,19,18,xgboost,4,0.5872779838558524,45.429407358169556,320,80,2719,680,True,main,class_weight,grouped,42,primary
0.5901808909787496,0.9210726351351352,0.5895202120842162,0.6086956521739131,0.7751900337837838,0.9601181683899557,0.65625,0.5675675675675675,0.9828125,0.04383602655878253,0.1557236467845105,0.053253395422798555,0.7200374603271484,629,11,16,21,xgboost,5,0.5819619613544201,42.47276163101196,320,80,2722,677,True,main,class_weight,grouped,42,primary
0.5580627710241794,0.8982191493819401,0.6473398695162524,0.6666666666666666,0.8277603184579929,0.9633431085043989,0.6578947368421053,0.6756756756756757,0.9798449612403101,0.04388352792865777,0.16585234155056094,0.044413430750024824,0.7144783743080033,632,13,12,25,lightgbm,1,0.5705429542844738,50.41514563560486,320,80,2717,682,True,main,class_weight,grouped,42,primary
0.5193477170297298,0.8765864148079437,0.48509071740423565,0.5074626865671642,0.7195893241135051,0.9513274336283186,0.5666666666666667,0.4594594594594595,0.9797191887675507,0.04185281224754362,0.21902691608229813,0.04074674882656913,0.5692929292929293,628,13,20,17,lightgbm,2,0.571585547809034,59.04022932052612,320,80,2721,678,True,main,class_weight,grouped,42,primary
0.596206506344397,0.911125078566939,0.49703931645971217,0.5238095238095238,0.777917452336057,0.9413489736070382,0.46808510638297873,0.5945945945945946,0.9612403100775194,0.04350839128313448,0.15199355098948933,0.03866205056175903,0.4703030303030303,620,25,15,22,lightgbm,3,0.5956313013736017,55.377368688583374,320,80,2717,682,True,main,class_weight,grouped,42,primary
0.5064004180546594,0.8718422933041906,0.5737687912974393,0.5974025974025974,0.7975915262073894,0.9544117647058824,0.575,0.6216216216216216,0.973561430793157,0.03606249767113507,0.213452604046745,0.032041638600010657,0.26242424242424245,626,17,14,23,lightgbm,4,0.5648115770129758,54.33556270599365,320,80,2719,680,True,main,class_weight,grouped,42,primary
0.543610779331169,0.9072635135135135,0.5429216810008468,0.5679012345679012,0.7944045608108108,0.948301329394387,0.5227272727272727,0.6216216216216216,0.9671875,0.03783364829035631,0.15010377060834884,0.030873449525564825,0.38941458456806277,619,21,14,23,lightgbm,5,0.5973811379428594,52.153149366378784,320,80,2722,677,True,main,class_weight,grouped,42,primary
0.5881926910777706,0.8844751728472658,0.5224434140914566,0.547945205479452,0.7578671694950765,0.9516129032258065,0.5555555555555556,0.5405405405405406,0.9751937984496124,0.06294229909123952,0.2213013396283843,0.10271141820726348,0.8000864267700537,629,16,17,20,catboost,1,0.5605775584363112,247.91203022003174,320,80,2717,682,True,main,class_weight,grouped,42,primary
0.5447157685410803,0.9001560062402496,0.4854323902685837,0.5135135135135135,0.7427161951342918,0.9469026548672567,0.5135135135135135,0.5135135135135135,0.9719188767550702,0.04349817616197898,0.15704827540048438,0.04246252772055435,0.5593939393939393,623,18,18,19,catboost,2,0.5668326675314596,307.1289837360382,320,80,2721,678,True,main,class_weight,grouped,42,primary
0.6324561845449771,0.9226482296249738,0.6379709756644775,0.6578947368421053,0.8269851246595432,0.9618768328445748,0.6410256410256411,0.6756756756756757,0.9782945736434109,0.06492222380736276,0.22398946495212083,0.12452314146419882,0.7128282828282828,631,14,12,25,catboost,3,0.5641022928246615,311.41406631469727,320,80,2717,682,True,main,class_weight,grouped,42,primary
0.569097168628098,0.8934471018452357,0.5603014236816559,0.5833333333333334,0.7728973141103779,0.9558823529411765,0.6,0.5675675675675675,0.9782270606531882,0.06179212281380977,0.218013431178392,0.10810220169866913,0.7566617712373048,629,14,16,21,catboost,4,0.5622298219246398,230.2525873184204,320,80,2719,680,True,main,class_weight,grouped,42,primary
0.5429328541816035,0.9031250000000001,0.5460944227865571,0.5714285714285714,0.7832347972972973,0.9512555391432792,0.55,0.5945945945945946,0.971875,0.03907786103080134,0.1509619600023845,0.025131061469940433,0.48780196062769793,622,18,15,22,catboost,5,0.5851444297318418,459.37706661224365,320,80,2722,677,True,main,class_weight,grouped,42,primary
0.46437166389597584,0.862895453593128,0.4536799157205342,0.47761194029850745,0.7053635030379217,0.9486803519061584,0.5333333333333333,0.43243243243243246,0.9782945736434109,0.03955128014762761,0.15288554049721947,0.023092162476720347,0.29008505609908813,631,14,21,16,svm_rbf,1,0.42563442328888607,42.5188524723053,320,80,2717,682,True,main,class_weight,grouped,42,primary
0.3543200809689454,0.84171691191972,0.39925144665098233,0.4318181818181818,0.7317957583168191,0.9262536873156342,0.37254901960784315,0.5135135135135135,0.9500780031201248,0.04334101010434578,0.165106130209797,0.017754287935668116,0.19418187282468607,609,32,18,19,svm_rbf,2,0.3856232973871865,42.290141344070435,320,80,2721,678,True,main,class_weight,grouped,42,primary
0.5577995790418977,0.8748795306934842,0.4513347349510456,0.47058823529411764,0.7925413785878903,0.9208211143695014,0.36923076923076925,0.6486486486486487,0.9364341085271318,0.037687186701643685,0.14658223450570834,0.02699777516631438,0.1873379029816517,604,41,13,24,svm_rbf,3,0.3605010664437156,43.5937762260437,320,80,2717,682,True,main,class_weight,grouped,42,primary
0.5005197531180473,0.8560800302635451,0.39533933279871175,0.425531914893617,0.7414988861334117,0.9205882352941176,0.3508771929824561,0.5405405405405406,0.942457231726283,0.039406442396653155,0.1547923966837555,0.011386509728243692,0.18323232323232325,606,37,17,20,svm_rbf,4,0.39497583016247545,42.109739780426025,320,80,2719,680,True,main,class_weight,grouped,42,primary
0.31917631901322896,0.8287162162162162,0.3341101551227461,0.37209302325581395,0.6904349662162163,0.9202363367799113,0.32653061224489793,0.43243243243243246,0.9484375,0.04402310904520019,0.16988278097526563,0.008535169128649569,0.23925264376896727,607,33,21,16,svm_rbf,5,0.420738128445473,43.035897731781006,320,80,2722,677,True,main,class_weight,grouped,42,primary
0.3240508422404444,0.8015294364131573,0.30869057955709817,0.3466666666666667,0.6562958307144354,0.9281524926686217,0.34210526315789475,0.35135135135135137,0.9612403100775194,0.06642707087776674,0.45469231893647316,0.07054219672632533,0.6036227360099231,620,25,24,13,mlp,1,0.2937022725254204,95.97743654251099,320,80,2717,682,True,main,class_weight,grouped,42,primary
0.26271849866265146,0.7688156174895646,0.24306479773502498,0.2545454545454545,0.586014251380866,0.93952802359882,0.3888888888888889,0.1891891891891892,0.982839313572543,0.07962753619339503,0.32934437626900354,0.08216978671329606,0.9332183295900022,630,11,30,7,mlp,2,0.3364222769390559,102.02439785003662,320,80,2721,678,True,main,class_weight,grouped,42,primary
0.3461074290874597,0.810601298973392,0.2785167729981649,0.3191489361702128,0.670144563167819,0.906158357771261,0.2631578947368421,0.40540540540540543,0.9348837209302325,0.08551376423931883,0.38832736659471095,0.08653124122893882,0.6435353535353535,603,42,22,15,mlp,3,0.2727826808684501,87.26534104347229,320,80,2717,682,True,main,class_weight,grouped,42,primary
0.32418760525408546,0.758711277373797,0.2725192053445873,0.3146067415730337,0.6596402000756589,0.9102941176470588,0.2692307692307692,0.3783783783783784,0.9409020217729394,0.059164207805490324,0.44943523625475834,0.062399309302962336,0.22708852555634623,605,38,23,14,mlp,4,0.3376493207375746,82.48782348632812,320,80,2719,680,True,main,class_weight,grouped,42,primary
0.3297892020143849,0.8337837837837837,0.2568454971990056,0.27586206896551724,0.5979518581081081,0.9379615952732644,0.38095238095238093,0.21621621621621623,0.9796875,0.07539145588107322,0.2909489002014339,0.07435998252253573,0.9340199953482266,627,13,29,8,mlp,5,0.3940810562344174,113.20530772209167,320,80,2722,677,True,main,class_weight,grouped,42,primary
0.6009218727948733,0.8804106432013409,0.4777576600669319,0.49056603773584906,0.8180180180180181,0.9208211143695014,0.37681159420289856,0.7027027027027027,0.9333333333333333,0.09031907441057808,0.3184861859595036,0.2011720456659639,0.5379533608579522,602,43,11,26,extra_trees,1,0.4544805436547457,78.7398419380188,320,80,2717,682,True,exploratory,class_weight,grouped,42,primary
0.43957999410504367,0.866024370704558,0.4291036357135358,0.45977011494252873,0.7468693342328288,0.9306784660766961,0.4,0.5405405405405406,0.953198127925117,0.042163185908134324,0.18105475062040316,0.04115954655964674,0.3294676432387532,611,30,17,20,extra_trees,2,0.4971165983291057,72.85510683059692,320,80,2721,678,True,exploratory,class_weight,grouped,42,primary
0.5821450512300593,0.8778545987848314,0.5113025048634663,0.5384615384615384,0.7682799078147915,0.9472140762463344,0.5121951219512195,0.5675675675675675,0.9689922480620154,0.04582376682390914,0.1784838998918652,0.07781014711881859,0.5197979797979798,625,20,16,21,extra_trees,3,0.5159470163691782,61.23898887634277,320,80,2717,682,True,exploratory,class_weight,grouped,42,primary
0.42621444562114724,0.8808793241141609,0.477925897378494,0.5066666666666667,0.7419822621999916,0.9455882352941176,0.5,0.5135135135135135,0.9704510108864697,0.06284886521338588,0.23026131384619286,0.1154471681643438,0.7112745678249144,624,19,18,19,extra_trees,4,0.4675399952615908,60.11862754821777,320,80,2719,680,True,exploratory,class_weight,grouped,42,primary
0.4949850765249114,0.8850929054054054,0.4491344567295636,0.46875,0.6933277027027027,0.9497784342688331,0.5555555555555556,0.40540540540540543,0.98125,0.037631573362807036,0.14648014617677893,0.030862162136541065,0.44855097959502643,628,12,22,15,extra_trees,5,0.4813524381669679,55.11370277404785,320,80,2722,677,True,exploratory,class_weight,grouped,42,primary
0.6145101423590653,0.9098261051749423,0.6190476671580855,0.6388888888888888,0.8015084852294154,0.9618768328445748,0.6571428571428571,0.6216216216216216,0.9813953488372092,0.05526037962437896,0.20108312581878002,0.09134727164441084,0.8594794393739494,633,12,14,23,hist_gradient_boosting,1,0.5291124487066078,27.82459568977356,320,80,2717,682,True,exploratory,class_weight,grouped,42,primary
0.49770277798310236,0.8794324745962812,0.5100859159052956,0.5352112676056338,0.745056288738036,0.9513274336283186,0.5588235294117647,0.5135135135135135,0.9765990639625585,0.0727994182003651,0.25882809558991476,0.13318784080829196,0.835228501534166,626,15,18,19,hist_gradient_boosting,2,0.5460983341748612,30.561060428619385,320,80,2721,678,True,exploratory,class_weight,grouped,42,primary
0.5319102535264375,0.90178085061806,0.5016991829660726,0.5277777777777778,0.7443536559815629,0.9501466275659824,0.5428571428571428,0.5135135135135135,0.9751937984496124,0.05685503758676337,0.19362458196964152,0.07088518560944258,0.7573737373737374,629,16,18,19,hist_gradient_boosting,3,0.561007113100167,23.029284954071045,320,80,2717,682,True,exploratory,class_weight,grouped,42,primary
0.541185038248304,0.908032449245513,0.5998486822748098,0.6216216216216216,0.7999243411374048,0.9588235294117647,0.6216216216216216,0.6216216216216216,0.9782270606531882,0.06728897642119577,0.23245272830846556,0.12021802868013175,0.787070707070707,629,14,14,23,hist_gradient_boosting,4,0.5534893778542843,25.944684982299805,320,80,2719,680,True,exploratory,class_weight,grouped,42,primary
0.4891302404178439,0.9150760135135135,0.5383285237598658,0.5641025641025641,0.7824535472972973,0.9497784342688331,0.5365853658536586,0.5945945945945946,0.9703125,0.06986453008197127,0.2430944227723887,0.12247640442607947,0.792020202020202,621,19,15,22,hist_gradient_boosting,5,0.5115517915574149,29.487990140914917,320,80,2722,677,True,exploratory,class_weight,grouped,42,primary
