relative_path,file_type,size_bytes,sha256
artifacts/dataset_fingerprints.json,.json,652,380c1171f65e6adecfa7f751654176979bb0790033e6334b1c9c3f6500f441be
artifacts/environment_report.json,.json,2691,5e4828ecc1eba4f5e323aef6fd54849e52db3c6c61b871659170f7534da7dc28
artifacts/final_model_parameters.json,.json,1817,4ec9551172d35b0fa941c3faa050d2e1b1f91771767b5d920fe534f12d17239f
artifacts/hyperparameter_search_space.json,.json,28976,eb8c7f8bd561d4526daf18dac0b0b44c64592c75c1d61900f72e687151365a97
artifacts/journal_hyperparameters_per_fold.json,.json,18031,00dc81b3d2bf18eedd4fbc6134bfe2c7cc05e36239787a3b358c1432a5689032
artifacts/nested_cv_split_indices.json,.json,20890221,6d13a77e505bec0dc370a0937c71b501340268449378b73085e2f55f616c9eae
artifacts/preprocessing_details.json,.json,17245,765b3555ee7f800365f74d9361b3c5a2bee7bd18560f5e616e66e1a15188d73f
artifacts/reproducibility_report.json,.json,2505,3f8ee525a93293781d0d21ecb38aea2e266da3b0805efe98dd2c1fc83ab4d1e1
artifacts/requirements_latest_python312.txt,.txt,258,a1d4f6f2fa90b3b1fffa15d893b79d0dbf97d70289e5a554955d86a9e05548f2
artifacts/results.pkl,.pkl,3727982,25e02bd691394e1cf928d40445789af696fe83c2f4db3fce1da312e23c78581a
artifacts/selection.json,.json,19209,e3599216722d0ebea5bb0d3c3fd9c02ed8811c1a59ee3e1ec7813af2e5bc73d3
environment.json,.json,450,e33a54e7b011b3e575e6aea40f6779cb11455e5d8f01921299a038b740ffd715
figures/01_dataset2_workflow.pdf,.pdf,224958,90b6031ab7a8f15cb48502270fbf2a5c1239eb1ca881ae83ab37d7ca66cf9794
figures/01_dataset2_workflow.png,.png,150857,4da3147759585345be4b5b2d274aaecbc35ee49296e763b55e9045099f391cf2
figures/02_pr_and_roc_curves.pdf,.pdf,671743,eb8caeed6e37e6c12f063f138e03e96bb6eaba5db21f599c45d1d09df2531ad3
figures/02_pr_and_roc_curves.png,.png,869068,ee177bdfafcd3fa2e4d9c4804518b55223d050d42f6f5cf38704c63e20b18de2
figures/03_confusion_and_calibration.pdf,.pdf,263578,1763cb5719240afbe5ea05efc2ce848290ef203f3844dd50073336f5cd6c3e20
figures/03_confusion_and_calibration.png,.png,254483,827652075d2a9af7ce681f286d6865257aad8553949a3a6bc832e896053d26b2
figures/04_permutation_importance.pdf,.pdf,259803,bb8a54008b0e59d2f34ad21b107f6b86bdea5878ff48ae2634887435eb405d4a
figures/04_permutation_importance.png,.png,217373,9dea426c15f7878c4df720d506323ee14b9daee432c6645ff254b0a597dfe9d5
figures/05_shap_beeswarm.pdf,.pdf,264523,11ee8ee167d508205cab316722cac6887c7e7c057aac820d2879a80bf8a2da97
figures/05_shap_beeswarm.png,.png,403648,8787257d80c8ccc18a1bd24463a719ce5458a0d6698136d67b28c435aef267c0
figures/06_shap_mean_importance.pdf,.pdf,231034,2d3ed8607080320855013fed46ec106f653590c9f163a539298144a21c1f728f
figures/06_shap_mean_importance.png,.png,198462,cdee6e450d03b6d3007c5260a10a50a434aa1658ffe99d8debbfabbfd7dd2e02
figures/07_learning_curve.pdf,.pdf,114264,d693a18ae1c735327ea00cd24a464e7c83c16892029fa13131290e26697a8e2a
figures/07_learning_curve.png,.png,91941,a3632c09dc954115c4b3dbbcc322d0ffadbd11e97bf45e22fdfa14ad719993c4
figures/08_pdp_and_ice.pdf,.pdf,315113,659a068a1ce70080ea8fab27e3b080076beebf07af01e4d2d77b6a52f68b0582
figures/08_pdp_and_ice.png,.png,397648,e70fca6fe1f4a8b4c0f3fa707ec750c018ce4818791a198c8c79898fa658a6a1
figures/09_local_lime_false_negative.pdf,.pdf,192211,a0e8f18349676ac34580dd5ba6ad11f4dd1a4b8ab8737bc4d40779bc7f8d1f5a
figures/09_local_lime_false_negative.png,.png,218864,e4c72c9b301b391d46f4143082bd27b80024968dc1e904e5113865bf6175f5e0
figures/09_local_lime_true_positive.pdf,.pdf,191820,387d3dba45fec81117710177893560d1ad423ed281e05ff6d3c0cdbb9e0bf200
figures/09_local_lime_true_positive.png,.png,214596,d11d47251aa202fab69a1f04eafc0d6a562595dc7ea6f712410892367cd61a3e
figures/09_local_shap_false_negative.pdf,.pdf,292643,565ec8ed06db22afa98574a87e741fafa46593ce78fc49ff1d76191cd24c1537
figures/09_local_shap_false_negative.png,.png,320682,e2f5d4311c9155798902978eac5535485cdfdd570b21f8f1b81f8cbaeeb2d19c
figures/09_local_shap_true_positive.pdf,.pdf,287261,8042e9d0bee0fda2512ed5e31af87ea1ffd57b8d587c6e50721bc214df7aa37c
figures/09_local_shap_true_positive.png,.png,304338,3bef25a8738cf243f4e7afbd27fbe02ed2706a84f5f00ed55b16e7857e7721f6
figures/10_shap_interactions.pdf,.pdf,324562,a5ca3f9efa649795098d0088a1d04f80111dafb8b8ee78189a5af43bc5b924ba
figures/10_shap_interactions.png,.png,281278,9b81144c771823fadf6762d9e740759fbd8531d15066d5da05e6ccbdefc11422
figures/figure6_local_explanations.pdf,.pdf,987025,444da9f89367881bcf8a8259b07d25eb7c8204b15c4009f3ef90f7506c27d246
figures/figure6_local_explanations.png,.png,1867889,9136d8cf15dfc239fb004c892780ace11f6c1852d3c420bac2494494f76e2713
models/catboost_fold_1.joblib,.joblib,157772,26c7234949abc99fe99bae80079817e6efc0aede151578e1290f0a517411c4d8
models/catboost_fold_2.joblib,.joblib,1698693,040b800558093332806cf0364f79693f8cd25283bf2011a57fa350ea1067a46e
models/catboost_fold_3.joblib,.joblib,157941,bad4119eabc4c3bba89e29383327e8a7d987aa93f001060bef82b6f6e7428c06
models/catboost_fold_4.joblib,.joblib,103851,8d62f78209efd114c748d773bc900e5bdcb855fa1d530f166a208d2ceaf10847
models/catboost_fold_5.joblib,.joblib,2552725,4000753518d5ac8f328be2352cd45a3889cf4a744c4c76fded61c43a01fea432
models/decision_tree_fold_1.joblib,.joblib,5279,8ee305428c7ee35c6b01e38418e8d9ea98ccbc2564ed6c8aeb344513a53e8295
models/decision_tree_fold_2.joblib,.joblib,5295,8d7f3bc4ea5897e3b08236b291d48ae7f637dea0ef8622f851738711429d8f09
models/decision_tree_fold_3.joblib,.joblib,9599,2b80c682b7a7af6b71dbcc0a2b8603277436b7f7aa304d1163b8a83e8fd8c986
models/decision_tree_fold_4.joblib,.joblib,9135,51c99052c26b47748d181646926b8375fae2d4e2bf5cfe1ef388948dc516762c
models/decision_tree_fold_5.joblib,.joblib,5295,24ca1466030cc58934351c5d2543d1b0637c0e6b2a8c94b0c402c1113b8fde13
models/dummy_fold_1.joblib,.joblib,3501,5e0b781f4ef2e2ecae07e8d16e104b6048c4a7a1ede647eb51903f39adffdfc4
models/dummy_fold_2.joblib,.joblib,3501,654b71cd240dbe4ec053a5de775d98fd9be7f63f01f990845666623a42cb7260
models/dummy_fold_3.joblib,.joblib,3501,7f0bd23b54ea7f2f0bac4355e0149dbb3b7007fc4d6e8428d40e35a586069914
models/dummy_fold_4.joblib,.joblib,3501,e0f35f6d3889f75ecceb1d149b4a323e4b45e31cbe1ec362d5bd8d929e79566b
models/dummy_fold_5.joblib,.joblib,3501,f178fc03ee102c221e0cd7a4b95d50e738f9a8044d559ce27e1f34ee0c8fdf2b
models/extra_trees_fold_1.joblib,.joblib,4433182,8c86fd9575e43a44b7c385613b02bf7e760b45f047d20b1547427b85a0fd71f3
models/extra_trees_fold_2.joblib,.joblib,13895262,0e9333c6ed374e49b8b445ac022b5ba4f861a5e7072f783f5d9bcb7c60ac396b
models/extra_trees_fold_3.joblib,.joblib,5989342,59ec9b4d59e366ea241134e97b42e657cd4e463c156fcc119cafa803e0403562
models/extra_trees_fold_4.joblib,.joblib,4117342,c3649ac3bf78df6f2632753435898079fb65c0b522bc4651390007f8edb25fe2
models/extra_trees_fold_5.joblib,.joblib,10365022,259b2fbcdb1fc5024bdde302515feee8af468680b695b23730e8351cb42b14b1
models/hist_gradient_boosting_fold_1.joblib,.joblib,124557,e6ec7d7962dac534f2ce9678686a59d3f9521431cb5c52be4d47eb309b73cb1d
models/hist_gradient_boosting_fold_2.joblib,.joblib,231693,b35cc831917a2c66c7198310867ad6b464fe2ccad90acc1ec92b4d572eace7cd
models/hist_gradient_boosting_fold_3.joblib,.joblib,174549,b56966f6c26b488dcf4b5c5062175ee5fb1b807a8bfa10176d03f9067f303e6a
models/hist_gradient_boosting_fold_4.joblib,.joblib,153245,05399168bb463c149fee62a5b61df00ecc926817c85c82ddd26d9837ad8303ee
models/hist_gradient_boosting_fold_5.joblib,.joblib,92309,63828b1854b57a45b8e85e440bb97f1d901a7f54cd76ce90e0f5a66bbe3410bb
models/lightgbm_fold_1.joblib,.joblib,708282,0bca9d23eb738a3ad9665b233748234f7845acbbbf474661713a486c06f28a1a
models/lightgbm_fold_2.joblib,.joblib,2107210,7e7120944e93cbdb00dee948e62e292a1e5e92211ffc4757107fdd4f45950eb9
models/lightgbm_fold_3.joblib,.joblib,707338,a389d9501574fc756e2f0d1d6b2c2eb21ba5edd771bc46fd318443ba63b689fc
models/lightgbm_fold_4.joblib,.joblib,1064570,eef556172cc3c8bc0003be4a02ebd8e947802b3b1ac776dd5c9d3be5ee4a545b
models/lightgbm_fold_5.joblib,.joblib,1220362,9dfa49695264b8fa069b529fd42bde80c6488a0535d0feb9f83a2caad9c58b8e
models/logistic_regression_fold_1.joblib,.joblib,10806,2cc93e7c734f72b3d31aa553d5df5fcdf1585d9a29a843e99b35de9271dee150
models/logistic_regression_fold_2.joblib,.joblib,10806,457a5ae9bade41e5737d62bca3dbf7d06ff64bf78dfb9e0da5b75b06e8ec1349
models/logistic_regression_fold_3.joblib,.joblib,10806,107851420ca9bc2130fa75cee03133b596d3d05edb87e30d79f41d2a077b09b5
models/logistic_regression_fold_4.joblib,.joblib,10806,098be64c8ca2fa6be18f6d3dd75b96d87b20c5c27e108269950e8b91ddd0e7b8
models/logistic_regression_fold_5.joblib,.joblib,10806,3ee4994720e700ae4988b9eb1f04e558fbfcbab61de675741c739cbe886459cd
models/mlp_fold_1.joblib,.joblib,238326,34147b1ed02b4a2516ca0ae0f8adb1d2ef3753c460501d3329f03ec44b47b6aa
models/mlp_fold_2.joblib,.joblib,190950,10209930b90700d47373694718bf8455473d8c1f7cce370b9f1ef1d619af6ac0
models/mlp_fold_3.joblib,.joblib,187862,4cd50bf60f4606f63870d4cbc042a86c41be91c8b55c834013d64eea1cc896fc
models/mlp_fold_4.joblib,.joblib,235558,0c8697ed0b9770b8251816e94ab27864a9e8a31e664e80ad2450c93ebadd9e61
models/mlp_fold_5.joblib,.joblib,190774,e1aa3e47d5e834976cbba47d40f09c4345c3c58473af60c4e881277ab8ea454f
models/random_forest_fold_1.joblib,.joblib,3539742,00a6826ca782ea754400e86b52a1a0ce1955fca027d9ba72e867151b174517a5
models/random_forest_fold_2.joblib,.joblib,5007422,31dc91f3cc871068c50f4a13178b14fbe487236d4c98277ec0ba4fd0e3c8606a
models/random_forest_fold_3.joblib,.joblib,5053022,64c17c359d80fe7250c4a45818cc0224e62f4d0762e4b5740efa91d2fbd4f6eb
models/random_forest_fold_4.joblib,.joblib,5159422,70bd03ca539512e8658a38513eac491b2fc3a3d137a547b898aa72b0ab22a9c8
models/random_forest_fold_5.joblib,.joblib,4995582,9ed870cef5d281df0cc360f4eba734f7934ce03096bf59f7a2eb1cb40d57a59e
models/selected_model_refit_full_dataset.joblib,.joblib,1425658,0f2b85d67549bcb713c145fb45d710ac946dd30551b6b38ab218173e557242de
models/svm_rbf_fold_1.joblib,.joblib,1099906,701af1254b2168e1ca54066c1bedc1d7fefbad08f56ee509771780cda1499487
models/svm_rbf_fold_2.joblib,.joblib,1090018,3c68f4ce248927577485f465642778f2083ed9210d02dd744586a7a5241b999e
models/svm_rbf_fold_3.joblib,.joblib,1367890,7c29dcbc3047f2b020c561a8b2392b3428fe14f430c3c5c744441202c2dc7ea9
models/svm_rbf_fold_4.joblib,.joblib,1094626,b4019d099ae979663bd8b711bc82ff686db46d79592e13e94a04275a9f587dc2
models/svm_rbf_fold_5.joblib,.joblib,1085394,74e7c1cb22c3d439025efb03333ec5227d5167bc07c2f7d4b7a663a4bca3638b
models/time_only_logistic_fold_1.joblib,.joblib,2934,282f81ad2cd25fde4e872e2c97a3c23936acc5de207e134b2a8a23c9f3359295
models/time_only_logistic_fold_2.joblib,.joblib,2934,a968e72de52dd2ee6f363e1512d3f7617cd5e0e06af20958e11a353eade83965
models/time_only_logistic_fold_3.joblib,.joblib,2934,0403437408db62c79b9292f4c01b9ab78808b5e38d81c3f435a285069822169e
models/time_only_logistic_fold_4.joblib,.joblib,2934,e9cf65968fdf55fc7a8a1a4dcb690d4cbb2b63860647bd6b887c9d5c163fb73d
models/time_only_logistic_fold_5.joblib,.joblib,2934,d75aad16f30fa9618c2708fbf45931929b63b46bc7d72620db67371ad4d21b85
models/xgboost_fold_1.joblib,.joblib,658853,65ccf5a41c7b1a0c388c4cfc3e2b1f3dac56cde22e00198f75129111298f6162
models/xgboost_fold_2.joblib,.joblib,636849,f64732d70ce909b309b1ac7a0830348af5a2a6239856c22e248826372833b214
models/xgboost_fold_3.joblib,.joblib,368392,345a84b654548ce78fb816ff1c062c7cf0351e986f2d8d727cb83b49fbedcd11
models/xgboost_fold_4.joblib,.joblib,762244,b5d1ef1c053aeeaba2ea58580e5923fb261f04abdb80e9340ae1c1058e737fc4
models/xgboost_fold_5.joblib,.joblib,361250,5c6ee19edeffb9f19685d6a3cc48ce7b1cfd7518a3b5a3e9f951214fd4fd5bfd
pipeline2_configuration.json,.json,3649,a6b890dc8d562f02527664e17002f18b071ea14d43d9c3defe20925b9f4fcc97
preprocessed_data/Dataset2_preprocessed.csv,.csv,1411992,38211036759868920db17ba6d106037fbbfe1e88b56cc32ab57ee5cf7c1f4b8d
raw_data/Dataset2_raw.csv,.csv,286906,f7f2ab96486aa6e6e3aa466b85eac7ddd63b2b7426366cdbb13b0a6c7a559c60
raw_data/Dataset2_raw_original.csv,.csv,297135,9cef0eb4cd3279c36f9b4816c6a2ccfd480345ee3a57e2dc5c9f722e92793618
reports/lime_false_negative.html,.html,1233018,703548b3e70a119b5b6ce26e1af7c0b5d18085949fbbb67b902ed82d9fdc281d
reports/lime_true_positive.html,.html,1233011,e18708aeb58e08b0e4235a760393835c4c4c9e3af6fde178f2c4a8babb22adb0
reports/pipeline2_report.md,.md,1004,e10b69c976034c34b1c6079d110dcfeb5a316d3ec0eefc11c7ed79d9680d0035
requirements_latest_python312.txt,.txt,258,a1d4f6f2fa90b3b1fffa15d893b79d0dbf97d70289e5a554955d86a9e05548f2
supplementary/current_only_oof_predictions.csv,.csv,325747,5ad5a99479984c9b91d64dddb510cf95e5d4768e433172cb3c3daced2e4cbc0f
supplementary/current_only_oof_predictions.tex,.tex,342977,b204e8797ee2675b54c1745f38337387739ad0ab853ecf57346ca8c56c55a4b3
supplementary/imbalance_fold_metrics.csv,.csv,17120,bc2453eb6cd5b733a8bc783fc38e0609484681e5e1b1064db58aeac1ce650408
supplementary/imbalance_fold_metrics.tex,.tex,13620,974efeaf3c20deb31dc30993b540b1aa6d68a2ed72638459dd5b7ece839a5457
supplementary/primary_paired_bootstrap_samples.csv,.csv,676226,e64dfb6d43e9934596d2f8fbc1895254f3300555ece13f419085885f78436ae9
supplementary/primary_paired_bootstrap_samples.tex,.tex,602866,c62f163fd83a211419cd3777c2137906a194198e8539bd4429d12cfdfb360c3b
supplementary/seed_stability_best_parameters.csv,.csv,27753,ebccc57f0974ac72225fb6ea40b0acd8d2bbc84497c17282ff9492c59f29ba8c
supplementary/seed_stability_best_parameters.tex,.tex,30662,f8154cbaa170cc5575fad79a8361b825919eb51da0d168d0e0fd26dc1e8de629
supplementary/seed_stability_fold_metrics.csv,.csv,66603,8b7c12c3d5b35affa7c1824175cb0e740197fd22ad649afd5f16e7bce6ecd8f5
supplementary/seed_stability_fold_metrics.tex,.tex,53909,6e02ce151f6b626c6cffdc71b83927389850daa835339df44f12efc6a86da841
supplementary/selection_pairwise_bootstrap_samples.csv,.csv,1645039,e0ce20c2a93ee7efcf26bffd5464f56558e7410b75f5f4674497f33e20dcc8f5
supplementary/selection_pairwise_bootstrap_samples.tex,.tex,1327648,b93bd6539078313ad914ec86f0a9ecae32de7190a393ae6b639caea515656992
supplementary/shap_interactions_by_fold.csv,.csv,863982,eb6a66b0e9d04b3daef09ef1aba164d1995830cba8731b44381024bc25070f72
supplementary/shap_interactions_by_fold.tex,.tex,1060926,87c81299e100a4f3d26a09db64e04f66b8e406ac011a31d1ae88aab7756e3b90
supplementary/stored_bmi_oof_predictions.csv,.csv,289617,f74e0091c12afba21e6625e63004f48cfa9bc1dc6ea727fa5a75e6d8e9c4526d
supplementary/stored_bmi_oof_predictions.tex,.tex,302189,edf154fca8e908bcb0db02a34dcf93f06e88b976c60dc48ab1672feb99af181f
supplementary/supp_runtime.csv,.csv,1499,5960fafa87e1a09b25a02ca591fb4005a8c220a8068feb40a9129e7a5d74928b
supplementary/supp_runtime.tex,.tex,1294,8bedafa9a6f5708a907d83cc3252003a6f8faba32a0de1e11075db36b8d41a77
supplementary/supp_statistical_tests.csv,.csv,3282,2186b87e6d71e6ada80afb35819e96d0d9f68a64c6df7a457de6404020055916
supplementary/supp_statistical_tests.tex,.tex,2781,b338243111899aff7bf791e9baf2d592af2a03e1188e44a3d3d0e3fd8c975bb9
supplementary/tuning_current_features_only_lightgbm_fold_1.csv,.csv,2519,5cf61c523b12390d1b516bf8b3e2fd61a31f08017493aa4aa16b1de28f7c4fbb
supplementary/tuning_current_features_only_lightgbm_fold_1.tex,.tex,2601,c4603510a4572d354052d99ed41e7667e3f4cfdf40bec71bc2e4926368ea2c19
supplementary/tuning_current_features_only_lightgbm_fold_2.csv,.csv,2527,eed1340bc5a22ecb2d7131647ae642dd0c1d085a4237adbb26caf5955582df49
supplementary/tuning_current_features_only_lightgbm_fold_2.tex,.tex,2598,4217eb2ae4b3814ef763f0fe01cb5dba430d0009d5dc6f2aa36ec947d471a882
supplementary/tuning_current_features_only_lightgbm_fold_3.csv,.csv,2518,e002bd23497da2eab26d0490c8f6fee10c1e9979cd1389874bd5a6c22b169406
supplementary/tuning_current_features_only_lightgbm_fold_3.tex,.tex,2601,45d92b79c3c5c5fb7c4e386b75c61e4b1e216eaa66b7ff05861b89e32e276783
supplementary/tuning_current_features_only_lightgbm_fold_4.csv,.csv,2512,21aa6170096830f2579c09fa2ae138ce562455888152161d35bc583cc3c6a182
supplementary/tuning_current_features_only_lightgbm_fold_4.tex,.tex,2592,791716110fee85536cb3a8264e011ae718ca3d3d5fb6266de7613df012e5e932
supplementary/tuning_current_features_only_lightgbm_fold_5.csv,.csv,2522,8f43cfd75568f6d9a7858d55293926f493b60fbe94af75ecf515ac36d9742be8
supplementary/tuning_current_features_only_lightgbm_fold_5.tex,.tex,2601,9e61600acf69cab245b01d712c2bf8d54c91017bd5e9b8dabec2ea224df430f5
supplementary/tuning_imbalance_class_weight_catboost_fold_1.csv,.csv,2139,b9e47c115ce250eeec327955bb64e9bf3a4931d43f0f67d8ac887bec48372b91
supplementary/tuning_imbalance_class_weight_catboost_fold_1.tex,.tex,2134,f7bf57dbdeb49af8390f20da0c2949ec086d0b353cbcb97e725b725c9b587aa6
supplementary/tuning_imbalance_class_weight_catboost_fold_2.csv,.csv,2143,e8b1684265023e653a3b6707af1701429c665905aa217a05193a05be313c6e98
supplementary/tuning_imbalance_class_weight_catboost_fold_2.tex,.tex,2135,87b72d5983c05935502c0d2c35fb825a50b0e3ee91115f6a95c88b2f386760d6
supplementary/tuning_imbalance_class_weight_catboost_fold_3.csv,.csv,2144,80e86eb4aa36176b2f2e1b4d1ee18a0136bec51ef7d5c305a9e3b0fb39984d4f
supplementary/tuning_imbalance_class_weight_catboost_fold_3.tex,.tex,2134,8159ca3f7fdb4369c57460c888881a520688d9cce5e56796aa12f7ae991ee6c4
supplementary/tuning_imbalance_class_weight_catboost_fold_4.csv,.csv,2130,1119c29476b66869f417dd64f8c733842054f9350476e3f81ea459f5172bd96a
supplementary/tuning_imbalance_class_weight_catboost_fold_4.tex,.tex,2132,fd6e4754accff6d79dca2f6e258c517495da5b6e957845f6887aa56c045de92a
supplementary/tuning_imbalance_class_weight_catboost_fold_5.csv,.csv,2134,0595669df903736ff4485b8ba831fcf95724382238b645474ab0b9641a690177
supplementary/tuning_imbalance_class_weight_catboost_fold_5.tex,.tex,2134,216a9c612934fc2e507d1d0c50f68d2d6b6119dc53c79c4f24abdb4a72b92569
supplementary/tuning_imbalance_class_weight_lightgbm_fold_1.csv,.csv,2521,af125389f624a680011de7429c623367ef1cb4828564cea16f85faffde570deb
supplementary/tuning_imbalance_class_weight_lightgbm_fold_1.tex,.tex,2604,bf26d904cfd93bcd5ae7fc575ec94c8a2142377f6cc3abafdff761716b6cf3d6
supplementary/tuning_imbalance_class_weight_lightgbm_fold_2.csv,.csv,2511,361af27a980040c386913df8dcfe9b0d3b60ec065fec5d139e22c84ea3fac4da
supplementary/tuning_imbalance_class_weight_lightgbm_fold_2.tex,.tex,2595,258b731fae4f7ce835ab9b746dc217565a0ac984f1afca0bcad6cd429bc7e70f
supplementary/tuning_imbalance_class_weight_lightgbm_fold_3.csv,.csv,2526,c825838e12c8f1a6a700c0978051febb0b4878844b10fc24b5d759e794cc9c05
supplementary/tuning_imbalance_class_weight_lightgbm_fold_3.tex,.tex,2599,aa3c4c66d9cbf9da9313e43e0ede355eba9c98cf02b9c5b3ec75a91c00ba66f7
supplementary/tuning_imbalance_class_weight_lightgbm_fold_4.csv,.csv,2526,4e9a104a31af6eefabf948631230ec03aaaecf3298128801d1d605072a946b0a
supplementary/tuning_imbalance_class_weight_lightgbm_fold_4.tex,.tex,2606,dbd6efb84d38e5b4d558aca6f1e19bab642bc562cfe4a969c9535efd3d8a1e67
supplementary/tuning_imbalance_class_weight_lightgbm_fold_5.csv,.csv,2519,945dd5502c810c8058806a1064ce8a4bca8db93f3f73096e81f26072f9b9ac9d
supplementary/tuning_imbalance_class_weight_lightgbm_fold_5.tex,.tex,2602,e2f86ba0d6cdefa40782fe4b17e85943c8874b35a064310ff7af5017c86f5c0e
supplementary/tuning_imbalance_class_weight_xgboost_fold_1.csv,.csv,2552,a6b7df2fb60bc7d60dbdfc49a8d91470b862ba3514855fc0c897b5c3d6600d3c
supplementary/tuning_imbalance_class_weight_xgboost_fold_1.tex,.tex,2629,75e20801b385a117d4a315ab684ba9ebeeb5ff582ed150e8ebafab7e0d136e8d
supplementary/tuning_imbalance_class_weight_xgboost_fold_2.csv,.csv,2544,f03423b6eda41f6848a6076f611ab82cd2cab45db144cd776bd3da27154610a2
supplementary/tuning_imbalance_class_weight_xgboost_fold_2.tex,.tex,2624,5393742ec973b4008b803451c44ecdc2793bee34ad09f5847c3391b367e80e23
supplementary/tuning_imbalance_class_weight_xgboost_fold_3.csv,.csv,2535,1cef1f16b1f82e75756ae25ecd4ed89916c74990af6f35ef18e762f4754ee6b4
supplementary/tuning_imbalance_class_weight_xgboost_fold_3.tex,.tex,2624,54543550f67093ad33d8e3fe3b0c5b3b72c28e63a14a45f09bf628dce3986eed
supplementary/tuning_imbalance_class_weight_xgboost_fold_4.csv,.csv,2541,1f36920a70fb644cc61108bb956049452d30efd22a87faddccdddc99c2eee6c7
supplementary/tuning_imbalance_class_weight_xgboost_fold_4.tex,.tex,2625,5a6ec2e0c2d8db0c26d17200004c8ba041e21a8b73c5cbd9a7f44b57cd8c4098
supplementary/tuning_imbalance_class_weight_xgboost_fold_5.csv,.csv,2554,e9d150d397c22fb818bddad3a741f84c735fa78bdb1442deeafd77b38e51b838
supplementary/tuning_imbalance_class_weight_xgboost_fold_5.tex,.tex,2629,337ae1dd2786b6dc836a114552586acb07fac742fe3bd60709807d9bffa35ea0
supplementary/tuning_imbalance_none_catboost_fold_1.csv,.csv,2103,2202096be1f9dca96f7de612f363c2ed93651aa5cc04c8b8e93113aacc98e396
supplementary/tuning_imbalance_none_catboost_fold_1.tex,.tex,2089,f4208b6125ffaa91ecb4a9fb5799e07f7494719bcc9d433eef1992f18df7a786
supplementary/tuning_imbalance_none_catboost_fold_2.csv,.csv,2104,3a6b7ad542fd709860a73e3c85aa51105f5aaf8556fbbf8001bfd8c3a1848f5e
supplementary/tuning_imbalance_none_catboost_fold_2.tex,.tex,2090,90bfb8b1a8bdffffdf1224e17c09f9242ad59688d04f932eb7fb4f1d63f42b53
supplementary/tuning_imbalance_none_catboost_fold_3.csv,.csv,2101,08f1e7d13842536ad3083fd2252d164ff0e92c72bb3853eb3305153c5ec042dd
supplementary/tuning_imbalance_none_catboost_fold_3.tex,.tex,2089,632c4e7b65e282e9057c6bd4b4e82464cc5d1dce6722d5ed6693826adace826a
supplementary/tuning_imbalance_none_catboost_fold_4.csv,.csv,2104,9e790aafed8c2cf6218c3c607e9de1d0a6fc13abfc4e06ccb4efe85ce45122cc
supplementary/tuning_imbalance_none_catboost_fold_4.tex,.tex,2087,73fe37eb441d688e09da59184dab47da6f5ba8fc3ba8d393229444133852b92b
supplementary/tuning_imbalance_none_catboost_fold_5.csv,.csv,2094,ee36c45b880905023cd1b0d56ca258aca1c4886e7b509be2c1c863954333e618
supplementary/tuning_imbalance_none_catboost_fold_5.tex,.tex,2089,2825dba49b02877dfe62d95705fd93fcccaea046925ce4760ec5ae2cba6b988b
supplementary/tuning_imbalance_none_lightgbm_fold_1.csv,.csv,2488,48679419c26f94ff83631389968affbf86604dc3bd86177f962186b6a80d2274
supplementary/tuning_imbalance_none_lightgbm_fold_1.tex,.tex,2559,4bef0eab0f3d886ea93faf08aa66f623762bb97c5631d6e29aa91aa32478b3c8
supplementary/tuning_imbalance_none_lightgbm_fold_2.csv,.csv,2468,e17fecf278d55a9ba3ca863790f5891f5e20cd7e6ba6782056b7a81ac41f9de9
supplementary/tuning_imbalance_none_lightgbm_fold_2.tex,.tex,2550,76647b8bf6a5a7fbb3243532a113ba1b2445e60cdd10e68b631aeae38d65c19e
supplementary/tuning_imbalance_none_lightgbm_fold_3.csv,.csv,2483,80efc29b35073f0397fc55997ae0f84832d958ebca09316585ce64706c6d7c83
supplementary/tuning_imbalance_none_lightgbm_fold_3.tex,.tex,2554,426ab73fcd31da9e01380b4b430c6135404eb45d682d901de916f5c56522d0da
supplementary/tuning_imbalance_none_lightgbm_fold_4.csv,.csv,2486,7da760834eb1f5973071e376f6785e2dc34a1697c66949559d12db6d96869047
supplementary/tuning_imbalance_none_lightgbm_fold_4.tex,.tex,2561,5864329ae8bceb12c7c75d5c71ca1f39d6dd059aca07d694e948785232a749d6
supplementary/tuning_imbalance_none_lightgbm_fold_5.csv,.csv,2484,9558c34f0da434d13ecee4656455b5c0c9fa2b88eea216cded859929c8cc1c22
supplementary/tuning_imbalance_none_lightgbm_fold_5.tex,.tex,2557,0e86b87cba616d37cb27bcc2d3f691ffea0f3899505305beb7158b299a57a648
supplementary/tuning_imbalance_none_xgboost_fold_1.csv,.csv,2512,e4bf4b1e7e98f5f48a4acbd198c539d8e8cee4e62951b7232d61b2c64aa35956
supplementary/tuning_imbalance_none_xgboost_fold_1.tex,.tex,2584,f66e3f651d5de3796c216a94f02aeaeb66a50a2cd810fcb24ba5f7943f98f339
supplementary/tuning_imbalance_none_xgboost_fold_2.csv,.csv,2496,ab4111fbfede4a238169b35610efd9772acbdd284aae0e89d8edef2b44d6f7a3
supplementary/tuning_imbalance_none_xgboost_fold_2.tex,.tex,2579,9bedd51b6195bf9ec0fe963d01fc892e439eebdff2ae4bcff71c9fce2eff3589
supplementary/tuning_imbalance_none_xgboost_fold_3.csv,.csv,2499,52bc5d9c94d554f4b616beeb7a8350b5de6e3be88243a9e2a1bf47f7345cdb9a
supplementary/tuning_imbalance_none_xgboost_fold_3.tex,.tex,2579,f74b775a1c9df3516b3f1ac71236f3991424cc3addb68a09c252ab2f2f9932f7
supplementary/tuning_imbalance_none_xgboost_fold_4.csv,.csv,2504,37d358be5065f4da5d2daebc82d7f5449143869e6c5bf59238eddd3097b0a866
supplementary/tuning_imbalance_none_xgboost_fold_4.tex,.tex,2580,2cb35f207fa10cae0403accbac8fdcf2f7211900ac7517b8bd5da2d006eb2da6
supplementary/tuning_imbalance_none_xgboost_fold_5.csv,.csv,2514,fd4574a46faf4fb7e77a70a18b1d8298d33ba4ba4239e9f6a4eaff0bc4b67dae
supplementary/tuning_imbalance_none_xgboost_fold_5.tex,.tex,2584,85758dfc0eb8f557e99e64fdea82fa1badfccb23dc4973a07bc6fd951cc562af
supplementary/tuning_imbalance_smotenc_catboost_fold_1.csv,.csv,2118,80d13fee1bac912637896d12b05bf1b6364df771fac9e9eec7325cff24f68c7a
supplementary/tuning_imbalance_smotenc_catboost_fold_1.tex,.tex,2107,7f1a6c6cbca78698b65032378e43a34991e8cdaa366c55bbbc8c614614c5ed9d
supplementary/tuning_imbalance_smotenc_catboost_fold_2.csv,.csv,2113,eb1ca995ef1b619cf77a1aa354893f92ac6ce03152b8513da2a89d9e73c99b14
supplementary/tuning_imbalance_smotenc_catboost_fold_2.tex,.tex,2107,936b481e725ad2af8523839b2d1ae67d797808b2f4bdee55664498cbbedfbf71
supplementary/tuning_imbalance_smotenc_catboost_fold_3.csv,.csv,2112,58b6ec0187876aca74bd0ed513b24dd3a04234d8107910d66edab65a30f48b86
supplementary/tuning_imbalance_smotenc_catboost_fold_3.tex,.tex,2106,6709f81feae23a78334f8d7e074fd8906ec77547bec3663722030aabd5ffb895
supplementary/tuning_imbalance_smotenc_catboost_fold_4.csv,.csv,2113,6eff1b30b6e0b31870bdbf6571dcdd67a5cfa980643708dd9afa6f1690ceb0ce
supplementary/tuning_imbalance_smotenc_catboost_fold_4.tex,.tex,2103,038a5666940c4bc33057a795854b702e68c737c8d373eacbf653d721b8fbc8b1
supplementary/tuning_imbalance_smotenc_catboost_fold_5.csv,.csv,2113,3c54740eec9ced68c8b933467333f477472cfa48ab547c350d2a829ca768d1a7
supplementary/tuning_imbalance_smotenc_catboost_fold_5.tex,.tex,2106,71dd0d9b89d956255dbdc9052593f0ed0a0db8202376f4a554c9a9f5045463f2
supplementary/tuning_imbalance_smotenc_lightgbm_fold_1.csv,.csv,2498,a263ae52616df72bd56426ed751ac4b097b62139345cb2644a38c2cb030f3869
supplementary/tuning_imbalance_smotenc_lightgbm_fold_1.tex,.tex,2574,04b0d8ad6899ce231a6391cb5913020eea48372a04af2b96edae77c1c1ee88d1
supplementary/tuning_imbalance_smotenc_lightgbm_fold_2.csv,.csv,2490,621f42d591296692544747c2edb8e70f5abdb34c964ab9c1526a0a412d4a4e68
supplementary/tuning_imbalance_smotenc_lightgbm_fold_2.tex,.tex,2565,1d7766f9f273614c04888887749a8ca2468f7282995502a5a7068226b927314d
supplementary/tuning_imbalance_smotenc_lightgbm_fold_3.csv,.csv,2488,28ff9a4dc7db1ea433235a967434693d86cf7bcf6a557493e7cf9e5c10d4aa26
supplementary/tuning_imbalance_smotenc_lightgbm_fold_3.tex,.tex,2569,bbd9139ffb7a9b031b5df516aa926296d392b5e3b3ecb771f0d7a333eb4316d4
supplementary/tuning_imbalance_smotenc_lightgbm_fold_4.csv,.csv,2501,cc73a8851bd9ec265fbbab0222b64ca1ddf1115831658e07086dea9aa55a59a5
supplementary/tuning_imbalance_smotenc_lightgbm_fold_4.tex,.tex,2576,22dcda460f6fa9f552e8e13e3cf1ed1e3043cd2cd84c1f3c97dbd19fdb453552
supplementary/tuning_imbalance_smotenc_lightgbm_fold_5.csv,.csv,2497,4c2e48afb8eee47ce8471ae418043139dbb709c72755eed6f2085ad4f0b5e444
supplementary/tuning_imbalance_smotenc_lightgbm_fold_5.tex,.tex,2572,15369d8772a18728893e3beb977339de23fa5bdc6142888be8fc9348678acbbb
supplementary/tuning_imbalance_smotenc_xgboost_fold_1.csv,.csv,2520,bf3732967bf20f97b1e4bff7273a55616470e7c5cd498773e41b6d4daee11b94
supplementary/tuning_imbalance_smotenc_xgboost_fold_1.tex,.tex,2599,423477a4451394dae315372c292979b1e4f126fdd7284e58f5b093b591fc536c
supplementary/tuning_imbalance_smotenc_xgboost_fold_2.csv,.csv,2508,f9a31d3a4b43f234a1b7fb3f840be15f12cbb9ee44dcf0cdceecce2638074438
supplementary/tuning_imbalance_smotenc_xgboost_fold_2.tex,.tex,2594,1161080920583dac9b18ca9816cd2e02144bdef8f7d659ce9887b6bfd0833c01
supplementary/tuning_imbalance_smotenc_xgboost_fold_3.csv,.csv,2512,c505607d85b57f24939f0513845d8d8d69915c16de28874a595e2bebbd6182c4
supplementary/tuning_imbalance_smotenc_xgboost_fold_3.tex,.tex,2594,d1cc6311322c925179b463d7e394b34ee1b4c0abebd634be235ffa9230917187
supplementary/tuning_imbalance_smotenc_xgboost_fold_4.csv,.csv,2506,ed405fb8e50b110b4ca374700a71bfeaa98e3759e9a0f087b2b6300952298010
supplementary/tuning_imbalance_smotenc_xgboost_fold_4.tex,.tex,2595,5dbb2941326c932de31a00334d3a78ff467a0e8dabb80a00993313e1f4e38335
supplementary/tuning_imbalance_smotenc_xgboost_fold_5.csv,.csv,2522,1a4acb127664f78b3a14b563876427ea94fafdfb734fdbca29d96dcfc411e4a3
supplementary/tuning_imbalance_smotenc_xgboost_fold_5.tex,.tex,2599,feaf78c28cf56337ea496504c04e5c8f51e8e22f11bf6055d04681ba3cfb3e36
supplementary/tuning_primary_catboost_fold_1.csv,.csv,10825,fdde6406428ee32f0fb042bac8b7be2b621ea0c9415ba418fdf8c851b362d502
supplementary/tuning_primary_catboost_fold_1.tex,.tex,9918,3a6e8baeabd40c546e9bf96c2e14d86f118e95916044c80201bd57cd9b0902f4
supplementary/tuning_primary_catboost_fold_2.csv,.csv,10811,931c914f89ad6fd21676fe8291e4328c09f4c9c6f9bbff467225ce243de54f47
supplementary/tuning_primary_catboost_fold_2.tex,.tex,9915,89c559be4b54761fa0225a82dc93cb7c72570a60952c8868593422161fd9376f
supplementary/tuning_primary_catboost_fold_3.csv,.csv,10838,3118cd1a0f9216fb336b09c38c19b602fa685da425fd3be38981bdeaeaf7b2c4
supplementary/tuning_primary_catboost_fold_3.tex,.tex,9919,95f0367da04b8eab2ee126ed00067fc82996d52623a984b19df55c0d8cbfd2b9
supplementary/tuning_primary_catboost_fold_4.csv,.csv,10818,fb7831ea7d0ecbfed4f443b9242edd673e0dc90f694a4f524d6f0fd33ba4c80c
supplementary/tuning_primary_catboost_fold_4.tex,.tex,9914,933b4d2c656f3ec47ce7bd9964c2b3db0fee9051a6eceae1ed082b82d36f41b2
supplementary/tuning_primary_catboost_fold_5.csv,.csv,10796,4d22e08b2583c0b1d6f88a5fb9256b59f50209e63cc3c42e337c4be1ecc88630
supplementary/tuning_primary_catboost_fold_5.tex,.tex,9919,f17972f034f45ddf7525d725534596c5a52938fb9b5083021215d9ad6545001c
supplementary/tuning_primary_decision_tree_fold_1.csv,.csv,4410,c6ceec8347f1b5fda82fe2589e62218556840a939e8962558cd4d75676560a08
supplementary/tuning_primary_decision_tree_fold_1.tex,.tex,3948,01f84355156e1f41d1a65821ffe360a40474d128fb07b2d12e8c51e044775cbd
supplementary/tuning_primary_decision_tree_fold_2.csv,.csv,4407,db041f4b4be413426a759dee97c411f5ab55bc1ebe147a83a44d2b2c48ee8108
supplementary/tuning_primary_decision_tree_fold_2.tex,.tex,4030,b0abe142d9d76fabb95b1a74b461c2a10e7231a0709e173fb151b707b70f8c59
supplementary/tuning_primary_decision_tree_fold_3.csv,.csv,4415,562faf15da1886f1f085ba1007f403f0d3cd04d28446ff22606bae784d75301a
supplementary/tuning_primary_decision_tree_fold_3.tex,.tex,4032,69798ec1639ca4247e1b373a25be473bae92958b09aeefa8aa69b6cc02bab56a
supplementary/tuning_primary_decision_tree_fold_4.csv,.csv,4417,509ff6000f9999837fb150780439013a0ac6c2fa781ceefe697d158cbb7906f0
supplementary/tuning_primary_decision_tree_fold_4.tex,.tex,4016,6dd0442c02e9a540e61a33506537d122e0b9f2562ecdc92c91bbb469b1b6f603
supplementary/tuning_primary_decision_tree_fold_5.csv,.csv,4415,84238240ff311e6f663c3d67d7db20af59fc1cf3264007db9af602685b986c46
supplementary/tuning_primary_decision_tree_fold_5.tex,.tex,4028,026d6738693304b470702c89ae4adbdce367b17e999fb41264cf32ae14a13a56
supplementary/tuning_primary_extra_trees_fold_1.csv,.csv,4289,5bccb18a52fa584faf82457ea48a8645928f2c637ab651bec355e54979c32393
supplementary/tuning_primary_extra_trees_fold_1.tex,.tex,3956,bb6289d4e57c8ebb9f305b86f8f14add665c36e2116a5c56efbbe6951d4e0cfd
supplementary/tuning_primary_extra_trees_fold_2.csv,.csv,4269,bc07eefb8c70a4573169fb85c6a9a342d093df67d17a08b92397bc6128fce13c
supplementary/tuning_primary_extra_trees_fold_2.tex,.tex,3946,400c6205033cf0abd083ee788a79757f988ad94034cf6a48763357d4e1edad5d
supplementary/tuning_primary_extra_trees_fold_3.csv,.csv,4277,4d75075ce584f9c3fe33b0508772a49266a9b3749f3927099ce6afbe8a9b89ed
supplementary/tuning_primary_extra_trees_fold_3.tex,.tex,3948,b8e6b2a692892ca0ea1fccc634c39050b1cfea456e212f19a9f4f346c89e3406
supplementary/tuning_primary_extra_trees_fold_4.csv,.csv,4281,124f782b2055152e034a7e0c15db47b627b5bca63c7119cb72e7c742accba145
supplementary/tuning_primary_extra_trees_fold_4.tex,.tex,3934,cf921a91b76aa47f1fdbe155bc1a73ad604f69474bfa9ba9f80c3bdf90d22b67
supplementary/tuning_primary_extra_trees_fold_5.csv,.csv,4293,bbae494f7f1ed10705425dee8b979d9ad9c396f6ce5eb753c80cd453b5ae5d15
supplementary/tuning_primary_extra_trees_fold_5.tex,.tex,3944,62c2b8c6984429a64136df8e5e522e74bf70ba63ffdf2fec358edaf419d429c0
supplementary/tuning_primary_hist_gradient_boosting_fold_1.csv,.csv,11811,85f2d817403fa72f60d4b4f38dc178f73270ab9286c189518681a02c86e0d71b
supplementary/tuning_primary_hist_gradient_boosting_fold_1.tex,.tex,11023,d4edbb329d19bd0ab014c2640db199d453185c6afb9ea93a94422b5b63e71dfd
supplementary/tuning_primary_hist_gradient_boosting_fold_2.csv,.csv,11792,769ac80637a288f192bda3ff27e8bc0bb88bc45e4698936acb23708c58e08779
supplementary/tuning_primary_hist_gradient_boosting_fold_2.tex,.tex,11018,d95a52a0db0064374b80f34f272e8ab933fbb174dd03fd9e46b9a141f838c8c1
supplementary/tuning_primary_hist_gradient_boosting_fold_3.csv,.csv,11805,917ebaf0b193e867d506639e8a4ed42ec61b1033008c79ec6d776d6275e5e452
supplementary/tuning_primary_hist_gradient_boosting_fold_3.tex,.tex,11021,70a5a93ef23f8ee34c0b38ccd1d2420e0b4e26d52060c984fcef8382f4b962cb
supplementary/tuning_primary_hist_gradient_boosting_fold_4.csv,.csv,11802,f7b4801a91ef63cc9c33d9676f07ad23b8c39741fc821357f8b178d89be22aaf
supplementary/tuning_primary_hist_gradient_boosting_fold_4.tex,.tex,11022,3f1283144ccda828ce8b5bd31486090428b16f0e3fb25ae6eb4038da4044d132
supplementary/tuning_primary_hist_gradient_boosting_fold_5.csv,.csv,11803,5b8f0853877778e45e1e2496a427f4721c3b1191588d58a9fc238c841df9a322
supplementary/tuning_primary_hist_gradient_boosting_fold_5.tex,.tex,11014,9524c889c11eeddadae1227177d5e41e2726f7f9d98762b291c772bc1c6ff079
supplementary/tuning_primary_lightgbm_fold_1.csv,.csv,12849,90a4fae6e0cc8c47521390835c44e4a501146ae45bd832ca556917696d931d59
supplementary/tuning_primary_lightgbm_fold_1.tex,.tex,12391,dd5db63fd02bac144a8ffef850543dbbba60222a5d206ed0deed78cceb25f56a
supplementary/tuning_primary_lightgbm_fold_2.csv,.csv,12869,0eee5602cc10083fbb43f29d51f458d30a510ae737c92a33070fda5adcefaa41
supplementary/tuning_primary_lightgbm_fold_2.tex,.tex,12408,60ffec3a637ec09d2d99759ee88f38eb9619bf2c59ea6d65cf76351730773eb9
supplementary/tuning_primary_lightgbm_fold_3.csv,.csv,12837,ce42fc4a7ec379440bc8c79819eb6fad78e23d89aa9cd526ec803b8fee4df860
supplementary/tuning_primary_lightgbm_fold_3.tex,.tex,12399,bbe3e52cd44ff1a61b0f86bf7db8582efef06fd69b3c6b7564a5379929640ad0
supplementary/tuning_primary_lightgbm_fold_4.csv,.csv,12872,ebc6c79329586350b312770d772baf4feaf32ef25bff3c73b4c5ea91b1e3dd6e
supplementary/tuning_primary_lightgbm_fold_4.tex,.tex,12401,c74c5323667c43052a9537ee489045c01e47d391c7a1ab901fb439b38df47250
supplementary/tuning_primary_lightgbm_fold_5.csv,.csv,12857,85fe784154eab5dc2873eeb66f0f543892ef41dafb7e9cab03ef432c32273f6c
supplementary/tuning_primary_lightgbm_fold_5.tex,.tex,12403,4afe679a5bf94753290d5eedca237177a2011e094debc26785d3c52ea2ee43d3
supplementary/tuning_primary_logistic_regression_fold_1.csv,.csv,1871,09c97ceebe640029b8944befe95c9c7c06e5e4a3cdc41c8d383b6c16c65520ab
supplementary/tuning_primary_logistic_regression_fold_1.tex,.tex,1572,318a1cedc354f63fab649d5d8632439866977fd2bb82c6418b68bfb9921e33a3
supplementary/tuning_primary_logistic_regression_fold_2.csv,.csv,1866,85ebd3c9e0e8fe26798a31795f7d08d9f82bb90897f2d1f2dfacef5ecc04ac8c
supplementary/tuning_primary_logistic_regression_fold_2.tex,.tex,1572,201af7c641f3bcbdcd743d4538daf0339ca49400ce1c6fe31977b0d863114352
supplementary/tuning_primary_logistic_regression_fold_3.csv,.csv,1864,f8cc9210f812f2afdf3f791f58d39db30077d3c26d78e3acb05af3569944a9eb
supplementary/tuning_primary_logistic_regression_fold_3.tex,.tex,1572,0cefdd46043ed77e2feb1305643b16da30f6934c2643dea4e3fcca9ca831193d
supplementary/tuning_primary_logistic_regression_fold_4.csv,.csv,1862,86a003471e9aa2224119cbd8e01a0cf2b34e23ca2cab4a8c286d4a66a992f550
supplementary/tuning_primary_logistic_regression_fold_4.tex,.tex,1572,0877cc9677c4d1adbca0d26d94ba38cd646558fcab82012056428ca4396b5ed0
supplementary/tuning_primary_logistic_regression_fold_5.csv,.csv,1865,869a21575045e37c55ffc0bd09cb56781f8091389e69ee458db6e73dde0b7dd0
supplementary/tuning_primary_logistic_regression_fold_5.tex,.tex,1572,2d00abacd33880428e5c6a2fb0c8214b1fc0a2f2f6e0a7c68c79a2fcd8242a11
supplementary/tuning_primary_mlp_fold_1.csv,.csv,4077,041cf9c754cd62fa55ea7b1a88d440de33322d2e55f8971f4c10a0288be4bd5b
supplementary/tuning_primary_mlp_fold_1.tex,.tex,3626,c072457f50660eb3126c53d20bf61527465856f2025bcad3f4510594135a22de
supplementary/tuning_primary_mlp_fold_2.csv,.csv,4068,004891c2f9e9062032de1af366d4b1f71811eb190fdf1ac82155e60f1287f164
supplementary/tuning_primary_mlp_fold_2.tex,.tex,3615,92386a12829c3e406212241efd7a1f70979dfd3b96d3dd2ab72185c43e029774
supplementary/tuning_primary_mlp_fold_3.csv,.csv,4066,06e7c2f9af76c882a11182af1a4d258d52d9f4e05a9e6f5e1c1b1697f64e828f
supplementary/tuning_primary_mlp_fold_3.tex,.tex,3622,5ad9643811b9c2c7ea224572ca11113084e9af1af8c33b9e0b4fe16c1c4305d9
supplementary/tuning_primary_mlp_fold_4.csv,.csv,4080,c0a9c91b81eeca3357cc59c9021afe6246966f3ec95ec88aa332ea24bd2053c0
supplementary/tuning_primary_mlp_fold_4.tex,.tex,3632,aff880ab3cd85c9a0e389a6a2356eebd5141118b62416ecbb178796e1a2a87bd
supplementary/tuning_primary_mlp_fold_5.csv,.csv,4068,8bc4ad28a747a986683f4acac127976f01e7fb1fe8050345f053326dfc54d325
supplementary/tuning_primary_mlp_fold_5.tex,.tex,3616,b79bfc786553de611826086be55077f71b5f2d1e2d0d82ef6927fb5345da0c58
supplementary/tuning_primary_random_forest_fold_1.csv,.csv,4298,75bb2070adba567ef5a442e9241c0e4bc528f97721499464e6f39c81101aa674
supplementary/tuning_primary_random_forest_fold_1.tex,.tex,3980,e636e38dd44877dae91bdc653adb8cff9a73111e4913a69788c96170c08df9e3
supplementary/tuning_primary_random_forest_fold_2.csv,.csv,4281,3ed69397929404b140bc6b0c191f6bc97992d07e0545b45f11b80b5be32dfe72
supplementary/tuning_primary_random_forest_fold_2.tex,.tex,3970,9a7a8c49d1ae7950de591af2bc479ddf721033425d42a6a6448db8f64f6cb340
supplementary/tuning_primary_random_forest_fold_3.csv,.csv,4305,b59dab086d801ba9201cddcd2b7ea1774250276ef119196881273df802e7b5e0
supplementary/tuning_primary_random_forest_fold_3.tex,.tex,3972,eb695704b700656d6a8c29c35e77374e9d38ab8bbde477b612675510de63f4fa
supplementary/tuning_primary_random_forest_fold_4.csv,.csv,4286,a14bef756635be519acedf6bd52b6bad5b2b078dc16df2bc00b779e5a49739ed
supplementary/tuning_primary_random_forest_fold_4.tex,.tex,3958,4d8542eba26e5297e7558ae83d17fe6a6159480d6404d9bda96bcc844fe3c777
supplementary/tuning_primary_random_forest_fold_5.csv,.csv,4308,5a1e22b58e6686bf352f8866c3ded98d2b2de67612bec91db5ecf0ec8f8ec7b5
supplementary/tuning_primary_random_forest_fold_5.tex,.tex,3968,aee48bd714426f2aa771b12b7f3d5ca2b3defb31115b51d205cf155c8653359e
supplementary/tuning_primary_svm_rbf_fold_1.csv,.csv,3255,215802bb71842be83d4f18d6a3de3221d7f8b5baaefcc8b81150f1399f334359
supplementary/tuning_primary_svm_rbf_fold_1.tex,.tex,2720,36c48106623d3e8505bf9f2ee5f6dde22ececa0e08e1b0f4f3297b38aa27d10d
supplementary/tuning_primary_svm_rbf_fold_2.csv,.csv,3238,420570150edcc801f503c8a6ba46028dc4641d09721dc8b0b78b927dd0187395
supplementary/tuning_primary_svm_rbf_fold_2.tex,.tex,2706,6efaed4b707ae9e6c6c2c5565ffd01c421fc6e2b48a5152e2bca52ac16284c9d
supplementary/tuning_primary_svm_rbf_fold_3.csv,.csv,3229,d9e6edcd175a3d6057ee1e0ccacd5f8397865c9662cdaf3611e504e86bb0e7b0
supplementary/tuning_primary_svm_rbf_fold_3.tex,.tex,2714,1540274227bbebdb613d3b338b58e905d5d46f158379378c8139dcd53ecc577b
supplementary/tuning_primary_svm_rbf_fold_4.csv,.csv,3253,1f64490e797901b836616c31ce9a87d6f8f9b48013264895bfb6fcb3e1d88101
supplementary/tuning_primary_svm_rbf_fold_4.tex,.tex,2718,a91a89cfd0bf7a26765243896437c512975027f7930767850edc49d36121c212
supplementary/tuning_primary_svm_rbf_fold_5.csv,.csv,3235,78307dc4cd0ba620ae905e33b2149f2750f0b7cd31e53b12e82ba2d000f31159
supplementary/tuning_primary_svm_rbf_fold_5.tex,.tex,2718,2b77871353a3c974b3d8f5f87d20cfd45fd37abd902d6237bb578188cd0c802c
supplementary/tuning_primary_xgboost_fold_1.csv,.csv,12972,e15c60b638e5217395777d6a9d9fe3a102cc6e17440d7968d0f37abb9d3dec7e
supplementary/tuning_primary_xgboost_fold_1.tex,.tex,12524,14a0c85a0df5241e0a4ed62089a9254a919741c37c483fd476f5a36b9137411f
supplementary/tuning_primary_xgboost_fold_2.csv,.csv,12969,3bc1917194827824b61ee2976025e8a73c47472e299de52dd62ac00a3a3d5a5a
supplementary/tuning_primary_xgboost_fold_2.tex,.tex,12507,780d451103117e88e7500b1ae3c751f4916b29112e2d0288e651ad23446cdb7e
supplementary/tuning_primary_xgboost_fold_3.csv,.csv,12966,c55c2308852dd44af41a462619fa964bfafd5a724417dae399aaff0ca14129b6
supplementary/tuning_primary_xgboost_fold_3.tex,.tex,12512,504168f1e9b3aa400f6e6fa99c1aa14a5f233accd9c2eb8436aa13a07fda1f3d
supplementary/tuning_primary_xgboost_fold_4.csv,.csv,12987,2f2076aa75f3864154e37278f7b4c4d958f35271e1b34fa8c6dfeb2b22b8de3a
supplementary/tuning_primary_xgboost_fold_4.tex,.tex,12520,621a3cf9910fc0c1065447d32bd007e3b97b0e3cb9efa95fcd993a87d3463037
supplementary/tuning_primary_xgboost_fold_5.csv,.csv,12988,33525706ff5128b522d622bdfb7fe6b3fd469ad6567042d2f95c4dcb300519bd
supplementary/tuning_primary_xgboost_fold_5.tex,.tex,12526,045bc1b15b9abefd58fc35142f028c71307d56344675b2de128660a058ba81c1
supplementary/tuning_record_validation_catboost_fold_1.csv,.csv,2114,ba4c5588bb42afff3eb9d20b58dc7af4087ef483b4269030085a11141bccd731
supplementary/tuning_record_validation_catboost_fold_1.tex,.tex,2103,f8506b579b4dccf9afa01a4b075a2f4eb360ac9e53270d7f129d744b648218b7
supplementary/tuning_record_validation_catboost_fold_2.csv,.csv,2119,c19df71fb2a7903af5ebe104b336f2ad468c2d91f76831679e33279cc56e98e3
supplementary/tuning_record_validation_catboost_fold_2.tex,.tex,2102,6e64118b32e9819ff40db1e66a78d38d5fae2de132e2a6e81b368dfdfc840700
supplementary/tuning_record_validation_catboost_fold_3.csv,.csv,2118,808039a5a6c06e6d827376b83fb9ad4976b35a61b8bd4ad71cdfc948398bd3e5
supplementary/tuning_record_validation_catboost_fold_3.tex,.tex,2107,8d53eb426477472d801e12479ecde27b480256c93942565e9dbe4009263adef8
supplementary/tuning_record_validation_catboost_fold_4.csv,.csv,2123,dde46928a6ca0ddbe9fc02fcda77c1219e3e74c80582de96dc90f83a0600da96
supplementary/tuning_record_validation_catboost_fold_4.tex,.tex,2104,ee67cc6d0ff9e2e2bdb3902ed0a47cbc6dfdf691cd04212695d582a26127297a
supplementary/tuning_record_validation_catboost_fold_5.csv,.csv,2116,363ad5a4769b3489fc27b15a670ffed4ce1a6be5c862b00db19d43615ecd3ffc
supplementary/tuning_record_validation_catboost_fold_5.tex,.tex,2101,b1b623d640ef06ddc0257d718e2191314eac55417a7eed3ad4977c12c2d7c046
supplementary/tuning_record_validation_lightgbm_fold_1.csv,.csv,2506,b05cb047c4184b95765193d3a3c12c8af5a9bb75325c1780bc6e44feab9710ac
supplementary/tuning_record_validation_lightgbm_fold_1.tex,.tex,2578,5086460d9cca37e2d3938d0db8d2a122f644ac2c3c2a1133acf893f6e0599754
supplementary/tuning_record_validation_lightgbm_fold_2.csv,.csv,2497,ea0de1fb411d14530802c057461729e32ddfb2b9e4364a3a55486c73228587e5
supplementary/tuning_record_validation_lightgbm_fold_2.tex,.tex,2568,7e1ff3bb41bf56e3b32c394108942e9aacfe453b5507a44ef3216ae3f7d5a131
supplementary/tuning_record_validation_lightgbm_fold_3.csv,.csv,2513,73ddb553f459f203973169da6b204770526362cb9bbd99e293d860fd05b45d48
supplementary/tuning_record_validation_lightgbm_fold_3.tex,.tex,2577,dc0f4d60286cddaca2449343fa31bb9451d07592015f6fcb16f8ae5f32eae30c
supplementary/tuning_record_validation_lightgbm_fold_4.csv,.csv,2492,36577dcf529bc6644d183b5f4781a4a02805bea0aa51628992a203aba1c764b3
supplementary/tuning_record_validation_lightgbm_fold_4.tex,.tex,2570,7121ce97bbae554bf5df4a9718d8dd0add3811fa5838d50cf0d9a495a7e19928
supplementary/tuning_record_validation_lightgbm_fold_5.csv,.csv,2500,5e2a99ff1a00810f82d7b5e4a825e8daa595b67a38e32a3ac8965b6bbedfbf42
supplementary/tuning_record_validation_lightgbm_fold_5.tex,.tex,2573,710dbdebfc044663250932bbcc92e9297f7ec38f0089cac5b76a429b6949fa68
supplementary/tuning_record_validation_xgboost_fold_1.csv,.csv,2518,708f2b249f1ba13094d394f6051880a99e7643faa121ea38700e53817d6d8080
supplementary/tuning_record_validation_xgboost_fold_1.tex,.tex,2599,fa9a7361e534ef5cfd038d130301d0fb724ba1cb9c854c0055ab651908423ef9
supplementary/tuning_record_validation_xgboost_fold_2.csv,.csv,2516,0b0a4c941729ce83e732b41437ae21cee6a30988a447f3b4cf81f6c29e3770ee
supplementary/tuning_record_validation_xgboost_fold_2.tex,.tex,2595,edbea2c51cf30685240b1dae6616aa202172939067bfad0916f81dc5f96cd467
supplementary/tuning_record_validation_xgboost_fold_3.csv,.csv,2523,58d0139f2dc0cc55c02a757cf610e0752fed58c26d40eb8233934f36bf07ca75
supplementary/tuning_record_validation_xgboost_fold_3.tex,.tex,2596,1b592a3a428c287a9b9936d7c99b1c0f64bf1ab7b0be8ea7250eb64088ee7320
supplementary/tuning_record_validation_xgboost_fold_4.csv,.csv,2522,0cd3d539c024f3141e0e384c953100611ea4a8bb740099746fd5f2883066d7d8
supplementary/tuning_record_validation_xgboost_fold_4.tex,.tex,2597,0761924fb9064bdb500b1768505086d285155b704103fb59ba75de7276d899eb
supplementary/tuning_record_validation_xgboost_fold_5.csv,.csv,2529,031e832facacea8f2697c980f2644b17c7acc775cc07980d1fdf3c070357496b
supplementary/tuning_record_validation_xgboost_fold_5.tex,.tex,2598,7303b68e01b9104e8c689adf9eec2925bac450da90b04f4a35dc75bd78bca963
supplementary/tuning_seed_2026_catboost_fold_1.csv,.csv,10872,0daa4824b787e295843b1969bdf06cf4a00308feafe10e21c10fb37ef979c52c
supplementary/tuning_seed_2026_catboost_fold_1.tex,.tex,10006,a4b19b3d832c2091cf3c1aa7565ef94bbabf9f8c65048a3d7395d06097e1be19
supplementary/tuning_seed_2026_catboost_fold_2.csv,.csv,10859,0a2f7fc377f347f6e3608b187233a59d56b1ea27e0e402328b2b3099785ba1b2
supplementary/tuning_seed_2026_catboost_fold_2.tex,.tex,10011,4bec144a1739af3503e9958f0db320b6a66bba1772c4bb6d0a5ce6923182fa25
supplementary/tuning_seed_2026_catboost_fold_3.csv,.csv,10879,379b8855fa55578d37d8c472fa230f7fbd00ac5d56221637483ac77c082a3607
supplementary/tuning_seed_2026_catboost_fold_3.tex,.tex,10014,37f1561cb57ab5b248eaaf91c3c776728a55a4f90d5b2bb98ea2bace6d1f23f9
supplementary/tuning_seed_2026_catboost_fold_4.csv,.csv,10889,e0f118e6f63dbd0338a8f16cb6f01d2fa40ccc9ec054ee4fad1a1d1b39f8a9dc
supplementary/tuning_seed_2026_catboost_fold_4.tex,.tex,10010,e52f59af828cd26103cfc66a979fc73eeba9414fc7fea0538934eca5bd34e388
supplementary/tuning_seed_2026_catboost_fold_5.csv,.csv,10891,b26be4dd6655d771fd80ca7fb55c9b06c2b5c5743f755afd987b20506616c62c
supplementary/tuning_seed_2026_catboost_fold_5.tex,.tex,10011,1388dcad9132f0702b8452833c0d57df5f9be9f3e98c5ba944c513be3b33a7a5
supplementary/tuning_seed_2026_decision_tree_fold_1.csv,.csv,4457,97ae68484e5a819ee26f74795b1f618eceafe818efe846ed081b319ec9220c3b
supplementary/tuning_seed_2026_decision_tree_fold_1.tex,.tex,4012,68ebcda9840f89beaba165cc783a00578d571e50897de39ca96fe92412598c10
supplementary/tuning_seed_2026_decision_tree_fold_2.csv,.csv,4440,f107352e19e4cabcce2e2d8bcfbeba1d4141eb9962336010b705499b4058a66b
supplementary/tuning_seed_2026_decision_tree_fold_2.tex,.tex,4072,13c1838a27e29fd2e2e34f3edbfd884a4e2cab01457f0e1a8dad48c6a4b8d244
supplementary/tuning_seed_2026_decision_tree_fold_3.csv,.csv,4424,3bb66bba098b8422d2a924106e321404fb367c5f31726a2024024b16f5097cc4
supplementary/tuning_seed_2026_decision_tree_fold_3.tex,.tex,3987,9289432cf1b0ea032ebc3c081b66528fffe74b2b42767650d460c557230d391e
supplementary/tuning_seed_2026_decision_tree_fold_4.csv,.csv,4456,73b3e1a4b269aba0dc70d8604d92b8500234f50be4826b4b8f3aa3a81c512737
supplementary/tuning_seed_2026_decision_tree_fold_4.tex,.tex,4086,cb49c3807ed19a06b9697d43f04d6cefb9f518e12dae7cbd2fac982fc0955548
supplementary/tuning_seed_2026_decision_tree_fold_5.csv,.csv,4427,050d9d390d052595043ef075d1bd20c91c2d0086a9d6b67c5433ee59c03ac659
supplementary/tuning_seed_2026_decision_tree_fold_5.tex,.tex,4060,4fcacf542570ed07bdd0caf28eb7492f5a1f9a15e58810afce304cd2ed5724e1
supplementary/tuning_seed_2026_extra_trees_fold_1.csv,.csv,4306,88bd2876fe1f6711b4d907555fb2c4fea606884017f2c8e87fc0c9450041182b
supplementary/tuning_seed_2026_extra_trees_fold_1.tex,.tex,3978,ab9477e6d334799651cb3f535c552866bf8a50935e60a902e9ccf75a66b61fa3
supplementary/tuning_seed_2026_extra_trees_fold_2.csv,.csv,4324,2106c83fd408f5cf749da031da5ce83be58caccbd5449cbdbf09568e7a37c26d
supplementary/tuning_seed_2026_extra_trees_fold_2.tex,.tex,3996,f8fc7d606aa327b306c7b42c1ef2d1190c040b6439181cbbdc15ea5d3d1fb316
supplementary/tuning_seed_2026_extra_trees_fold_3.csv,.csv,4318,139bbc229c4def16509e041b8e8c633fdfd0ec67779517bc87ba69429303b5b6
supplementary/tuning_seed_2026_extra_trees_fold_3.tex,.tex,3992,e8b2145af0666be73da10f79918db6cfb7ec17a0f2cb2c48267056e402da4546
supplementary/tuning_seed_2026_extra_trees_fold_4.csv,.csv,4302,e707c50565fb0ef022fda26527ea82b167e764e8bcf5a84b13140eb6a4f01211
supplementary/tuning_seed_2026_extra_trees_fold_4.tex,.tex,3990,73e67fe56b7dc6e4b9119a8ed0c0bfdb712673eacd09891c405aadd323c1c690
supplementary/tuning_seed_2026_extra_trees_fold_5.csv,.csv,4288,b8955113f31589a356837e4d903e3f74404e2c8db20bde7bc2251aec82e543b6
supplementary/tuning_seed_2026_extra_trees_fold_5.tex,.tex,3968,006793f992703fa8c61a31ca530cc36ea45867b855d51a00542b48d9f43cf923
supplementary/tuning_seed_2026_hist_gradient_boosting_fold_1.csv,.csv,11881,05154102b16382445657ef7c013c29c12ca25ce08654ab9cfe0beea57a6cbfcf
supplementary/tuning_seed_2026_hist_gradient_boosting_fold_1.tex,.tex,11103,6bbeeb2d9646bbbba17f2ceb18ed38d2fe1532ccbbaec519b0e7c3f3bf018eda
supplementary/tuning_seed_2026_hist_gradient_boosting_fold_2.csv,.csv,11837,70dc16a2d21d664814babf87f94cff20e0b3978126ef4d20fb42c7164a08255d
supplementary/tuning_seed_2026_hist_gradient_boosting_fold_2.tex,.tex,11105,443c6e7f8d70b744d2e363522f77a36d55ac451718a43dbb5da2b9d95e10df0d
supplementary/tuning_seed_2026_hist_gradient_boosting_fold_3.csv,.csv,11830,bddf8f941d0221e041826a8a7f4dc44e33542a5de7bac460d8dbc536203173ff
supplementary/tuning_seed_2026_hist_gradient_boosting_fold_3.tex,.tex,11108,56c50d637e855798ff7176c4795bc6102e31744d58c4e8fe575c21f97ebc51bc
supplementary/tuning_seed_2026_hist_gradient_boosting_fold_4.csv,.csv,11837,bbca23ac858211ac1f78428ddbc176784bc7aa208110483620f6802d61ae8780
supplementary/tuning_seed_2026_hist_gradient_boosting_fold_4.tex,.tex,11114,04402e52edaf4daea7d73c6198a6e9ecefda8da0e3140708f7b30ffadd8347e5
supplementary/tuning_seed_2026_hist_gradient_boosting_fold_5.csv,.csv,11885,a2420849b6ef3dfca2e54be4743f8f2d4a3016b6d8b234505bb87263ae8836f5
supplementary/tuning_seed_2026_hist_gradient_boosting_fold_5.tex,.tex,11123,045338d0f2398fc6bc7a02de0a124e7776e4be194844aafb60584ec5e91d96d1
supplementary/tuning_seed_2026_lightgbm_fold_1.csv,.csv,12943,87fde38de9a9a2c904c75085c8b7f027bf29c2bdb0ebaec838389fb81248cd36
supplementary/tuning_seed_2026_lightgbm_fold_1.tex,.tex,12489,48813ea85054912f0c988c06fefdbc7bbd75307a219c633ae711ca4ee8ebebad
supplementary/tuning_seed_2026_lightgbm_fold_2.csv,.csv,12932,f5e5c2f8e87ccd4731b46ad3b87327173a6b4099d194f0c19e71e1c899cdfaa1
supplementary/tuning_seed_2026_lightgbm_fold_2.tex,.tex,12485,22b32e1ca94b264436686d64fa3461b7af41c35e4f2a088c273623baf2101ddc
supplementary/tuning_seed_2026_lightgbm_fold_3.csv,.csv,12923,18508a23b45cd4705c77d221fdce748b7caa2a6ec9dee23f6e387d0855df03c6
supplementary/tuning_seed_2026_lightgbm_fold_3.tex,.tex,12490,7aaeecae61087222ae5977b959de97650f9c6be30fcfc7f5355a4b87dced0230
supplementary/tuning_seed_2026_lightgbm_fold_4.csv,.csv,12882,750ddcdd619a4758a4e269212ead4befbb14a64e339254ca4e567e0c9c68baff
supplementary/tuning_seed_2026_lightgbm_fold_4.tex,.tex,12481,e4a8aea5b1170314bf33c4ac7e018ad39c4dc0f00ef8716d99f830f7bff008bd
supplementary/tuning_seed_2026_lightgbm_fold_5.csv,.csv,12885,966e34b80f017f486e5fb0ffdc24b8fc897abe0395c1695379fa5f0b44254e31
supplementary/tuning_seed_2026_lightgbm_fold_5.tex,.tex,12477,74ebac359f7af024d939a2b29f1e7ba80255a8362ae542e19afc0bbc3ddcef6d
supplementary/tuning_seed_2026_logistic_regression_fold_1.csv,.csv,1882,c72e28dc200f553bc36613e96d246fc1bfe54491bf1421a8dfa65ec301190d78
supplementary/tuning_seed_2026_logistic_regression_fold_1.tex,.tex,1593,8ac3b4c7307ab2676dbf39304712017b4a911d67033dce6bd6b2dae39522b158
supplementary/tuning_seed_2026_logistic_regression_fold_2.csv,.csv,1886,1efce42f620b185869a57ff12708a98395709549535cb0801dae861f5e86779f
supplementary/tuning_seed_2026_logistic_regression_fold_2.tex,.tex,1593,495bd837a64b66e76694172a673d1203b47e0df1f649e756ae2a64b9c13a7a3d
supplementary/tuning_seed_2026_logistic_regression_fold_3.csv,.csv,1872,0160234ef861e0036f6295c90e288b4190a364d00bdf728589cf9c8cd25d4e72
supplementary/tuning_seed_2026_logistic_regression_fold_3.tex,.tex,1593,bf4b2686f2e9165b184062702642ece25a6f7ab0c5627c92c947f80d32af470d
supplementary/tuning_seed_2026_logistic_regression_fold_4.csv,.csv,1880,386e1f73920c77fb5d3b332b5932a76dcab268cd5871467b6dbffb12623d6601
supplementary/tuning_seed_2026_logistic_regression_fold_4.tex,.tex,1593,974d6460138126af29edc5f478aee1c4afa57d93d029824e1ee8390caa0aeadb
supplementary/tuning_seed_2026_logistic_regression_fold_5.csv,.csv,1876,43553022d7e91040c649dc195edab7dce13a1e84ca4c974fd50daaa61207a1d2
supplementary/tuning_seed_2026_logistic_regression_fold_5.tex,.tex,1593,bc0e49731a01230b58aea8246648aa4dd988b701aed252001cb9fc59bbd8a311
supplementary/tuning_seed_2026_mlp_fold_1.csv,.csv,4103,52a53ab9590c8a4486793a899b31f18efcfe2798fb8102409a022b20ac5f9076
supplementary/tuning_seed_2026_mlp_fold_1.tex,.tex,3672,ee2eed936e9dcfca0c92ad782e54d25159b8c1d20a827b49c385a27b100edd50
supplementary/tuning_seed_2026_mlp_fold_2.csv,.csv,4076,756b463dca0943cf66abb335396de4bda2ab7772df322cfa0b8a30be9997749f
supplementary/tuning_seed_2026_mlp_fold_2.tex,.tex,3644,8a7771bafc0515467332867a5bc791abe89254a62293f681babe84a0f64e254a
supplementary/tuning_seed_2026_mlp_fold_3.csv,.csv,4094,54af7ea52d270501c1247b4d710f5b22fd5011aa7148ecf0aa73a10bde02aa6a
supplementary/tuning_seed_2026_mlp_fold_3.tex,.tex,3663,d64cff3448e9914db48c1b3cf83f797ed5fdda7708ecd846b760055b4dd24f53
supplementary/tuning_seed_2026_mlp_fold_4.csv,.csv,4096,29559f7769d0121137a8276d67aa1618588692fd024ee6d55c4015e2ab10c252
supplementary/tuning_seed_2026_mlp_fold_4.tex,.tex,3658,9c08d443481368136572d5829038c5dcae1b16d1f60bfaec089c40ded13ff55d
supplementary/tuning_seed_2026_mlp_fold_5.csv,.csv,4075,973d4d9fe331f6e0314dbc0e65d14887189be8342bd533cd9da67c216fa66190
supplementary/tuning_seed_2026_mlp_fold_5.tex,.tex,3653,6199ffa12c62ca89148508e0b1edaa5f9013150227c0b27fd12336684951ea0c
supplementary/tuning_seed_2026_random_forest_fold_1.csv,.csv,4321,f409566b2b652b98ba4cefe7192fbc795041698579d67e3a7d67231d94549649
supplementary/tuning_seed_2026_random_forest_fold_1.tex,.tex,4002,c16d3fd908d6b932c55fbcfff5bf78988fd96124862deb137b0d7760e675ae6c
supplementary/tuning_seed_2026_random_forest_fold_2.csv,.csv,4354,846fb12914b6926a381617184fc0499a73ddbab96e61c6794f0371e0360828d8
supplementary/tuning_seed_2026_random_forest_fold_2.tex,.tex,4020,387a3ef47f6ae056d1182c3a262d2abdf96b0daf82e867f163df8c044a76a978
supplementary/tuning_seed_2026_random_forest_fold_3.csv,.csv,4332,03f208ae1b3c7f779ed86c7bf4bc681a3b1513106d86610b2ce58e9d5ad7f1e1
supplementary/tuning_seed_2026_random_forest_fold_3.tex,.tex,4016,e0f8bb97f3eaa79946c11aa2df1d5148369529f8e3e92aa13014c5437b31f792
supplementary/tuning_seed_2026_random_forest_fold_4.csv,.csv,4323,fad57ca509fecb144935d99d515b3d01b0b35a86b9fa3627de9651ca46b91b32
supplementary/tuning_seed_2026_random_forest_fold_4.tex,.tex,4014,3afcecad2e7ae2321fbdabc3736c2abe229edf58176e9f30b1c06e21091169ca
supplementary/tuning_seed_2026_random_forest_fold_5.csv,.csv,4305,633e8d7a29c57b9476c392fea3cb3142b303db4b8c5f8a2b632ca97847db14d0
supplementary/tuning_seed_2026_random_forest_fold_5.tex,.tex,3992,a8fdd40bc85f6ee8b09518dfbe6dda4c2c3bb8ee9d0a1a977e98d845b043f519
supplementary/tuning_seed_2026_svm_rbf_fold_1.csv,.csv,3279,c7a1f1036d78fda8c327cf10bfeec03cedaec451da534c5aad76e6c970aa78ed
supplementary/tuning_seed_2026_svm_rbf_fold_1.tex,.tex,2752,0c198e4a68efa43c11e0d107aeb6771bd8fc4fffdf2172d0bceb7f57d0d5e426
supplementary/tuning_seed_2026_svm_rbf_fold_2.csv,.csv,3269,9a7bc1628149354d1b4a39e547f609bc4e519998c11452583351790cf598f9b5
supplementary/tuning_seed_2026_svm_rbf_fold_2.tex,.tex,2752,0ad2b0c330009d2f903bf437f341875563e52101c7bfb1ae9f94a547a06f2501
supplementary/tuning_seed_2026_svm_rbf_fold_3.csv,.csv,3258,a228721c7c0afa88806b931d77dc704168544a271bbca93514d7434f13cd07eb
supplementary/tuning_seed_2026_svm_rbf_fold_3.tex,.tex,2744,bd0a3dbbe1d33318aec369cc27cd040241d3e36e9a3c47814ccd14dcb5927d73
supplementary/tuning_seed_2026_svm_rbf_fold_4.csv,.csv,3260,87a4f505a42ee1c35982163fb50174eb605a56dd9b4c8c9a6995f069e2d34baa
supplementary/tuning_seed_2026_svm_rbf_fold_4.tex,.tex,2752,fd8bbf51480a69ea66a1a831b3480ebfa475068cb773defc1bd98b3d07bada54
supplementary/tuning_seed_2026_svm_rbf_fold_5.csv,.csv,3285,041318f5b8d1c1b13873d937351da92f21874f9a4509b6964eba60944dc6d5d9
supplementary/tuning_seed_2026_svm_rbf_fold_5.tex,.tex,2754,ce10f0357f5b635ae7056124694a36ad165892c9670667f737cf9b6722e9b112
supplementary/tuning_seed_2026_xgboost_fold_1.csv,.csv,13032,143bf1c9e20670062b0c2f9cefcd5f4da35c097214c820723af8e2d37a77d0a4
supplementary/tuning_seed_2026_xgboost_fold_1.tex,.tex,12596,72721f3434a5989f9dd663889330d36bb84f3352167a2a4be4f97d93f9075b57
supplementary/tuning_seed_2026_xgboost_fold_2.csv,.csv,13035,5da5b52570dfaa8961b6fce1a13c1584cda9e6b6d1a9e3df7972111f4dcca483
supplementary/tuning_seed_2026_xgboost_fold_2.tex,.tex,12604,2ef373c61ce32500bdf3f45757cf728957f989ea9280345dd2b82b130ae48920
supplementary/tuning_seed_2026_xgboost_fold_3.csv,.csv,13010,394fdf441439f175949248746ae352e3058d4dc05f17e926cbaac24e57461486
supplementary/tuning_seed_2026_xgboost_fold_3.tex,.tex,12597,2320bb75b0bf2157452eb4d28403e37ba73e809e9d65eb965d32a947d2942fb7
supplementary/tuning_seed_2026_xgboost_fold_4.csv,.csv,13027,63a102dc19c6e3736b17b1e0ae183be9a35b1e1836f0285e77df2c78a06141fc
supplementary/tuning_seed_2026_xgboost_fold_4.tex,.tex,12600,a176fdc59e994b9838b7952bd1758d2a4b14c1736b8bdc4c213ddce73d5ecae7
supplementary/tuning_seed_2026_xgboost_fold_5.csv,.csv,13017,b315875b833041d5c47ce539f00c8756786cecc917df26f0d78d13760ff9935d
supplementary/tuning_seed_2026_xgboost_fold_5.tex,.tex,12594,2519845f69d1eb7cde44a540c0fec40709a9f3af7b7491828e7de163319472ed
supplementary/tuning_seed_7_catboost_fold_1.csv,.csv,10759,717fab32d477ad7026cb564538aae3dfa00070def8c4cc7c5e51cacebe39bfa2
supplementary/tuning_seed_7_catboost_fold_1.tex,.tex,9913,410857405e9f59b5e77804ab805c7c79e351a2b19aae8b52300575e4e7087915
supplementary/tuning_seed_7_catboost_fold_2.csv,.csv,10782,1b61d9ed6fa21d846c0cf65f6d0d97338ed6f69a701b542733db2c35ccdb1b2a
supplementary/tuning_seed_7_catboost_fold_2.tex,.tex,9920,3a8837b6f0c89a68c4c8d1d0d17b0eb43f92889fa9361739febeaa7a0c2fa2e4
supplementary/tuning_seed_7_catboost_fold_3.csv,.csv,10807,7572e7472350c8963c590eeacbec29c18a8b2cde13ec6667f540c9c485ea2d3f
supplementary/tuning_seed_7_catboost_fold_3.tex,.tex,9931,a62ce7b32a8f5189dd5c019a25384edf34ef99dfdfa4c483af06f93095437e46
supplementary/tuning_seed_7_catboost_fold_4.csv,.csv,10810,ae8c53c434f2fbbab064651db4d535adb7397a23118e0a3d00d5575eda62b6b9
supplementary/tuning_seed_7_catboost_fold_4.tex,.tex,9929,9e1766e9d66839f69dd635869115e270516c060dc1f85b2df3820d7464dfd5a3
supplementary/tuning_seed_7_catboost_fold_5.csv,.csv,10766,e642bad6d497655ba386e8e23dad8ab2f2d47b7034d68ecf8b6e31eef68df8b8
supplementary/tuning_seed_7_catboost_fold_5.tex,.tex,9917,e319d94ddbedee70f06b73760ce61567f3080a873a70f51a78139377ced1357c
supplementary/tuning_seed_7_decision_tree_fold_1.csv,.csv,4384,45e789c4d36bce33d42a678ff712fe5c0f206854eb99d217aaf5cd9199208299
supplementary/tuning_seed_7_decision_tree_fold_1.tex,.tex,4002,338294d85aabb3d75a39c50d265c941f17300d41d3260b0524f4413444f0f276
supplementary/tuning_seed_7_decision_tree_fold_2.csv,.csv,4422,413afa7aed07099589019011f9b2acbc296eea5ebb453dc272812057e73220ca
supplementary/tuning_seed_7_decision_tree_fold_2.tex,.tex,4038,f35aa2ccbcb4d05ba525514975aff0e549afe798494e2b9a49fd8b8ed800f71f
supplementary/tuning_seed_7_decision_tree_fold_3.csv,.csv,4409,8affcf53431c6a6770fa6aa8525a0b59d5b51bd882e87835d72acc327e676112
supplementary/tuning_seed_7_decision_tree_fold_3.tex,.tex,4034,d66d63999cc31da131d31d1f2931931276f446f9500e44d457e3f89a9d735b5c
supplementary/tuning_seed_7_decision_tree_fold_4.csv,.csv,4400,3c64d83f74473adb4818a29f9eaf63513a1afd2dbba818a85614da398d55ac32
supplementary/tuning_seed_7_decision_tree_fold_4.tex,.tex,4018,b758dd45e9d7c0e09e21d07280fc036706143b121911b8a57c03ece92a6fac24
supplementary/tuning_seed_7_decision_tree_fold_5.csv,.csv,4429,91f05e91923c42cb5a87da19f73cf9d12d9d1d576cd63ac6b0c2b575f62195fb
supplementary/tuning_seed_7_decision_tree_fold_5.tex,.tex,3978,e3dfba2025cd4774e5f8e2de7fbe3a2bee279fad10ec4ee30f5ae96a26d4918d
supplementary/tuning_seed_7_extra_trees_fold_1.csv,.csv,4265,1edfa18ad0696a3a2f07aa4a694c676c4fb034dc41aa1b2d101b0d3d8da3da0d
supplementary/tuning_seed_7_extra_trees_fold_1.tex,.tex,3944,f4db8a5ed9455fd68a7b68ebf61d90e11b95f455fc1db6f35a10dc7ff00831cb
supplementary/tuning_seed_7_extra_trees_fold_2.csv,.csv,4263,88e85463298245e2b4274883f82fbe15fb6b8347449cdc50dd03f9a1aaa3480d
supplementary/tuning_seed_7_extra_trees_fold_2.tex,.tex,3934,1b15a0c2ebdfdf1ed7d530d7eca4f3c5197e0756369a92a5833f2baf4b9aeea3
supplementary/tuning_seed_7_extra_trees_fold_3.csv,.csv,4264,20f76e87d682bd3e2f4a206226d432fd24fe04c9c6e562f78a0dc8ed97850150
supplementary/tuning_seed_7_extra_trees_fold_3.tex,.tex,3944,3fd038f202d1ca1fc1cedd35d436983da696e54974760bbf9ed2ce1b5c5ebd3d
supplementary/tuning_seed_7_extra_trees_fold_4.csv,.csv,4270,138364b8a7eaffe5e96b0fe872f5c596cdcf7bb505992e67a123ec1073e42259
supplementary/tuning_seed_7_extra_trees_fold_4.tex,.tex,3950,fc7e81f2d6ec94180445abd89155da0dcebbd6789a67039a25b3ea5caf1c3c87
supplementary/tuning_seed_7_extra_trees_fold_5.csv,.csv,4263,d76037bd0c795ad7eb2804553b9670b77e8343aaca7eb17de32835a0b05ef135
supplementary/tuning_seed_7_extra_trees_fold_5.tex,.tex,3946,4cd1f3c5d9d0c33d34ed2841ac51dba3fead4be4f55b7c820c9679e45c592700
supplementary/tuning_seed_7_hist_gradient_boosting_fold_1.csv,.csv,11707,64eb574e2abc9db5a69403f198b323d2d33daf71b88f131bf843b4e11cce4f46
supplementary/tuning_seed_7_hist_gradient_boosting_fold_1.tex,.tex,11015,23e1631445d2b73b35542de86a1f9fc671239bdc76885280d533bd165dc53b19
supplementary/tuning_seed_7_hist_gradient_boosting_fold_2.csv,.csv,11784,77873868feaa4b36c933b41f3fdf5cb4230a969a78777f2f57ec3fbf443f7a62
supplementary/tuning_seed_7_hist_gradient_boosting_fold_2.tex,.tex,11032,c37b3f2450145db689c5b241e56199590b33e34973c7ac4a3a671163254e531d
supplementary/tuning_seed_7_hist_gradient_boosting_fold_3.csv,.csv,11773,c3315c8a5c28653a2ea8e83ffee25d5fcb07012ead1bba3296efdf8f3e80d663
supplementary/tuning_seed_7_hist_gradient_boosting_fold_3.tex,.tex,11027,75502707441a17684c844c91479f0e3a32092a66989b4ebea0936b3bf0776968
supplementary/tuning_seed_7_hist_gradient_boosting_fold_4.csv,.csv,11754,90624889ca23f244ba4829232608ec46cedc847b986390c53d9ad214729d59f9
supplementary/tuning_seed_7_hist_gradient_boosting_fold_4.tex,.tex,11027,dead6ea3ac0022633c72cee87019d16ac14ab19fbd11d81446cbc1cc194b66ba
supplementary/tuning_seed_7_hist_gradient_boosting_fold_5.csv,.csv,11753,7b279a59d98270d69fa3ece1dcbe21c8c3188fe9ed2d2d18132a4d575c34c17d
supplementary/tuning_seed_7_hist_gradient_boosting_fold_5.tex,.tex,11023,5adf9e9ceb935eb40466f9df62d3aa0285f6e2ba3dad890c4767ddc88d8eeb4d
supplementary/tuning_seed_7_lightgbm_fold_1.csv,.csv,12814,9f4bee12f17173a762e91afe0bb44819747711f8fd399e63f67a94fd38d6a6ec
supplementary/tuning_seed_7_lightgbm_fold_1.tex,.tex,12394,03ee80da0a22f789deaa67ea85b000f1a5e260d103d69b2d0719c5dd8c10af48
supplementary/tuning_seed_7_lightgbm_fold_2.csv,.csv,12832,bcbb0bf8eb7925c7b0c0affb486a9f628cde0ea0debd2a018d37c44b83a38c8e
supplementary/tuning_seed_7_lightgbm_fold_2.tex,.tex,12396,d27515a83c0e216644f1fff076c29aad1ed00b17f0c16a92091fbeaff8c02c80
supplementary/tuning_seed_7_lightgbm_fold_3.csv,.csv,12804,e4b283e55bb9c7450c091dc05c985ade0a07c969888697e05dba7c0cb7a98d9d
supplementary/tuning_seed_7_lightgbm_fold_3.tex,.tex,12399,5338d7b83f38999f8a85b266dac687b5970b6f9951304b78ecb88c64bea5881b
supplementary/tuning_seed_7_lightgbm_fold_4.csv,.csv,12817,34f7bd94f0f3db97aa989917162a70248d9e74adc2bd9431d7779fb5d77b2ae4
supplementary/tuning_seed_7_lightgbm_fold_4.tex,.tex,12398,72dae86d80ee727064c9b0eb7003bf14d2bc0403260d2db43234e8fb4ba32741
supplementary/tuning_seed_7_lightgbm_fold_5.csv,.csv,12860,2cceef0f1fe2297b116272b3a04fe851757b7c19bd03296b34f88feeac0a4eba
supplementary/tuning_seed_7_lightgbm_fold_5.tex,.tex,12405,f19582b223081654b9cffb25f20964fc4ce1eb0435e29e956213b6e89588b0d2
supplementary/tuning_seed_7_logistic_regression_fold_1.csv,.csv,1866,cb095953fc3c63556dde065d3fa2f6730f0049d205efb14d60fff66bb9dc7c7c
supplementary/tuning_seed_7_logistic_regression_fold_1.tex,.tex,1572,e977171eb5c013c8ac80ebdeaf68e4a7ab19ee30a2136423c8987b64fe781629
supplementary/tuning_seed_7_logistic_regression_fold_2.csv,.csv,1859,46e4ea36ec65513f0e23fd4509cbf37fd6f534e85e471440099f93a9d1dcfcbb
supplementary/tuning_seed_7_logistic_regression_fold_2.tex,.tex,1572,cdaf0969466e8ef59ad58dcc82ca6b1cbfde9ed00f0d95c6614be8a42a593619
supplementary/tuning_seed_7_logistic_regression_fold_3.csv,.csv,1865,92f53a62ad89a796adf105ff89859550485bb9a212ccd72d6cd425c32cf3a28f
supplementary/tuning_seed_7_logistic_regression_fold_3.tex,.tex,1572,5e3479486ce209798ff60d63f94827b5d15cbe01e2a5751122eb217bc5bed025
supplementary/tuning_seed_7_logistic_regression_fold_4.csv,.csv,1861,468f90bebc82504961b4a30be281a2ca8f57d0d30457560396f6e73d5f334077
supplementary/tuning_seed_7_logistic_regression_fold_4.tex,.tex,1572,c36dc364416b886a15cbf50357308a89d96027d9b99576d73725ec7a37fe757d
supplementary/tuning_seed_7_logistic_regression_fold_5.csv,.csv,1864,c69140305b4679efc8c1e0e6c13d290f23a4d8c5737c57ecec742e5bf96ab1cb
supplementary/tuning_seed_7_logistic_regression_fold_5.tex,.tex,1572,30647b040d2dd898e6ea9096925decacfd09f180d934e51afa958066b9392093
supplementary/tuning_seed_7_mlp_fold_1.csv,.csv,4067,9f6a9125d84d3661ffdf663002add44a08bea32b2f08ee5a28a7a999ee195a91
supplementary/tuning_seed_7_mlp_fold_1.tex,.tex,3620,f6c30708853b12ad85bdbc83a7e31f22f5ca1fea79db8059653b732d6d2be594
supplementary/tuning_seed_7_mlp_fold_2.csv,.csv,4025,22fea5a9c30f552be391edaa223f4ec1d136907887fa904020b63e505f0fdad4
supplementary/tuning_seed_7_mlp_fold_2.tex,.tex,3605,a6cf5042b3785ac0f19da7afd51993e64372b18b4081301edaf194b3e7169c2f
supplementary/tuning_seed_7_mlp_fold_3.csv,.csv,4052,063b61fe4667384b57c323c4f47ddc67694dbda2eb4639b65bc3764bc54302ba
supplementary/tuning_seed_7_mlp_fold_3.tex,.tex,3612,2cdc711aa063856f182ec9ef8dc66df87e0ebb2c660b4c232edfd73656aaf1c5
supplementary/tuning_seed_7_mlp_fold_4.csv,.csv,4051,08daac3f067dee86fc4f4029d00832c3ef81c0520b3bd94d00b5e4a1f035418c
supplementary/tuning_seed_7_mlp_fold_4.tex,.tex,3621,c166ea79aa0ffe870983da815d2c1f4c5f10de716131484f92a6e976fce07ca1
supplementary/tuning_seed_7_mlp_fold_5.csv,.csv,4056,a9bd2b60a9f9ec231478ac3d19123eef02a373ef0bb77c0dc71cbf6b57b6a0bf
supplementary/tuning_seed_7_mlp_fold_5.tex,.tex,3630,8fce71a1914d1dc6a0789e4633429d8b9936a0d0688d1704b2d2986ffda61bd1
supplementary/tuning_seed_7_random_forest_fold_1.csv,.csv,4273,d0199c4d36b59220d9c458609ddfb73af3926e7731164d92d527b5623f9bcb6e
supplementary/tuning_seed_7_random_forest_fold_1.tex,.tex,3968,22751ee7719958998aa90121f05b0fc0ccf19f3e902012c84b279fe65ad841f7
supplementary/tuning_seed_7_random_forest_fold_2.csv,.csv,4264,124166acf10535db042259357da0f414b953c669dd87f0819792f837c9e8b3b2
supplementary/tuning_seed_7_random_forest_fold_2.tex,.tex,3958,286160ed50107aeb0e941cb9dbd1ec90af0c059bb450be0e5e6ac3044d5e1229
supplementary/tuning_seed_7_random_forest_fold_3.csv,.csv,4274,98f2c710e7ba78414493ec662a85f8eb448523f8bf790813a29ba570aa9b31d7
supplementary/tuning_seed_7_random_forest_fold_3.tex,.tex,3968,ab141412f72e81d861c8fba39eec49316ba87449a5f24797e00d4b221b3e99c4
supplementary/tuning_seed_7_random_forest_fold_4.csv,.csv,4286,8dd1ce2ce8ef00dee644dc6b48c9898c5141a2d591003522aebbfe9e87b65913
supplementary/tuning_seed_7_random_forest_fold_4.tex,.tex,3974,b17335a92517ee7f1d49bfa06dfd0bd8671ff74736d290070ea01d087de96f1b
supplementary/tuning_seed_7_random_forest_fold_5.csv,.csv,4277,113990953e22c95df393ce4479174a76db9bc70aa2fbeb6b1b4a06a50fd8cae0
supplementary/tuning_seed_7_random_forest_fold_5.tex,.tex,3970,d4de6bb44aec8aad9ed675457c7a6f88f9da614efd10582dcb1b72df0f8b1407
supplementary/tuning_seed_7_svm_rbf_fold_1.csv,.csv,3225,d6b706bec332b4df6f57a69201e1676c3507bee79f74b3cbdf58dd36cce98730
supplementary/tuning_seed_7_svm_rbf_fold_1.tex,.tex,2722,3e7057d8034cbb1c7ba1d23bfeb31211126782d697e4c057d7124e0311e0149c
supplementary/tuning_seed_7_svm_rbf_fold_2.csv,.csv,3227,df459d25587821ebeb5827da23a2dafaf0ae0b1eefbcad1731ddae417404ff57
supplementary/tuning_seed_7_svm_rbf_fold_2.tex,.tex,2712,edccaeac41ae3df0a8555c372cf87271a7cea209369dba409dc689ae56148dc6
supplementary/tuning_seed_7_svm_rbf_fold_3.csv,.csv,3235,916beaac34d7ddd771812af6e0ac3336e4d6e85823f84b45c50f838e7c509f86
supplementary/tuning_seed_7_svm_rbf_fold_3.tex,.tex,2718,4613e400b15b317367797206bd9ca2401678be3c5bf711e7a45c562456059ea4
supplementary/tuning_seed_7_svm_rbf_fold_4.csv,.csv,3236,11ed72bd15898b1c5add41b8dfd8b49cbf58f6443752ff51658d09588d720a09
supplementary/tuning_seed_7_svm_rbf_fold_4.tex,.tex,2720,5f3b9ca96a59a1e7dc9ad479e6acb751281295daf39e5e44d251e7550f83763c
supplementary/tuning_seed_7_svm_rbf_fold_5.csv,.csv,3234,80d9fb674a71ed60222a2599c913cce930f434e3d5f6121c1db9b298077706f4
supplementary/tuning_seed_7_svm_rbf_fold_5.tex,.tex,2714,f297a7e25223e2a65c09e9c65c03e9d12330fe004265de5c45c518a699838f27
supplementary/tuning_seed_7_xgboost_fold_1.csv,.csv,12932,120a1eba88991c05d7c38c1650e9d3f84491e6e247cca1869d35abb7ba61ce02
supplementary/tuning_seed_7_xgboost_fold_1.tex,.tex,12511,75affdfbf7d7f9322bd89f822e295462e11c4b8fa01d80622fe2355eab057f3d
supplementary/tuning_seed_7_xgboost_fold_2.csv,.csv,12979,2cbfa0e7ccbc8a3a3a8fd42a3601d7abba8a8d8c9939c744e8897aee7e6332e0
supplementary/tuning_seed_7_xgboost_fold_2.tex,.tex,12523,5f3448891e29df2d5bebd8fcfe97f095c741999de43e22a767ddf2322a8eaa7e
supplementary/tuning_seed_7_xgboost_fold_3.csv,.csv,12949,7300e1eccff294212287aa3f4d9c14085545a4e80d1b8eed83bf13758f95ffa0
supplementary/tuning_seed_7_xgboost_fold_3.tex,.tex,12506,604668919e4508845f0ba1ad855728671d6e0863ce8b85f0e362642e8da3eab8
supplementary/tuning_seed_7_xgboost_fold_4.csv,.csv,12933,ac9db6bd147d09c4134b2eb7562eaa905ac8dcc7fb03e331b91445a9011dc73e
supplementary/tuning_seed_7_xgboost_fold_4.tex,.tex,12513,10e0ae9cd3080465e761ff9caee70fb35b56e3e16a2ef460a20df9f4383550a2
supplementary/tuning_seed_7_xgboost_fold_5.csv,.csv,12943,29e5a3f48a8a9d12c2d0be32ad800aee72f054ade90e5602bb54b836b43da95a
supplementary/tuning_seed_7_xgboost_fold_5.tex,.tex,12516,048ec09ef7c50f00eaeff0f9f65f6255685cb3b2111dae578b944ebdf8bc5776
supplementary/tuning_stored_bmi_lightgbm_fold_1.csv,.csv,2463,cf8a463ead5a4cfcb2f68006d724632c542e3a13ab0f8bbdabf068a2ed1a569c
supplementary/tuning_stored_bmi_lightgbm_fold_1.tex,.tex,2535,6d39858310d4cbe19f77b241c4619501a5f596a2a103f34754c480b702546062
supplementary/tuning_stored_bmi_lightgbm_fold_2.csv,.csv,2475,83b6e877af5a140f6b5cd2bc8b13f39808b87be82e2a9dfd912c48f94e779f78
supplementary/tuning_stored_bmi_lightgbm_fold_2.tex,.tex,2543,8550d17e5a88f33cbadbab0b91b20246efa0aa590b2979b8a9548a5a0a10f802
supplementary/tuning_stored_bmi_lightgbm_fold_3.csv,.csv,2464,3bd8f2110d6b67e3eef9bb3b20cbffb55bebc6d607f59b07f7f6b04e53d8f107
supplementary/tuning_stored_bmi_lightgbm_fold_3.tex,.tex,2536,83d24a053c44fa2e7e43438f0f46b62614f363ccd83022e6323713a9a692ed30
supplementary/tuning_stored_bmi_lightgbm_fold_4.csv,.csv,2465,cf9b3edb147d1c85034dc95decc55332ae823207ea93d9df477b1bad5eb2d10f
supplementary/tuning_stored_bmi_lightgbm_fold_4.tex,.tex,2542,21f31be4c5d12979eb8298d414b8c7f7b79ddd8ce63d8043cb46e94c99eda71e
supplementary/tuning_stored_bmi_lightgbm_fold_5.csv,.csv,2465,bb271ea6b60fc9c6e9d92631fe63537655de4da3e9f5a9c0111ddfe1a3623437
supplementary/tuning_stored_bmi_lightgbm_fold_5.tex,.tex,2543,2b045da6d859476bd050ecb52fcb42013fd09ba72c000c5d258b53c3f25aec76
tables/01_patient_audit.csv,.csv,10427,5a3fa68642770db5f578d902934417608824813227706249b345fe56829a87d8
tables/01_patient_audit.tex,.tex,20014,8f1a05b45dba1b563954573dd53f2dbde59d667c16a2a95c13215ff384afce32
tables/02_dataset_audit.csv,.csv,331,b4d45b6a3e0027c4b3ee7753b10107bc966484a297a3bc828ff0f559e8d73514
tables/02_dataset_audit.tex,.tex,549,09c46dda5b12b70fb4a276d470c1eb23d85819456e6464e8d95a54a91cb9ac60
tables/03_modeling_dataset.csv,.csv,1529518,bf5c11fb48f19c3e862dac17b946a7f5a8bccfed46a8c74674581ca873543975
tables/03_modeling_dataset.tex,.tex,2246143,819679a31fba6a4e454104d41d0d80665b517bf7dfedad9b31fa6ac702466a88
tables/04_feature_list_and_roles.csv,.csv,5013,aba8fd29add09de6d1fdb0cbd74909e97d65088238745a29623f5e707de98324
tables/04_feature_list_and_roles.tex,.tex,6374,c198da10930d08eb285e10b367ba62ee199dc7ae104b438ca078ba8834b2387f
tables/05_temporal_checks.csv,.csv,270,03a0de116ac9aec698a1ea80d203ca257b543ea99fb22d495dfa4033a11598d8
tables/05_temporal_checks.tex,.tex,404,6960028261acfabbddae9b46fed8fd115a6ed74f58f90c6f2ff1dd61ec30ea48
tables/06_target_summary.csv,.csv,207,4b319c43581417a2544ab024fc45a2a7f897f7057483335fec0ab2424168583b
tables/06_target_summary.tex,.tex,346,fc16e19ce49476998a0efce9be18b7d74e5292841f3a1a085c1fb8aa45528063
tables/07_outer_fold_balance.csv,.csv,213,c64fd5a01e54ea7ef1e5941213f6d800cfeeefd7ff0e4931f036b78d368a2953
tables/07_outer_fold_balance.tex,.tex,289,19185d57f3b071a1f8732074e1533ae173597f87d6fb3797f4bcb7e47d35d9ef
tables/08_oof_predictions.csv,.csv,3183272,3597e25557bf2364c3f1d82f5912e9e9ccae7c9ab424658ffeec2dfc612fe043
tables/08_oof_predictions.tex,.tex,1816441,6f00417688aabb3f32de8d272e7818f1de5ce92463408eb55e71b9d8369990e5
tables/08_oof_predictions_checkpoint.csv,.csv,3183272,3597e25557bf2364c3f1d82f5912e9e9ccae7c9ab424658ffeec2dfc612fe043
tables/08_oof_predictions_checkpoint.tex,.tex,1816441,6f00417688aabb3f32de8d272e7818f1de5ce92463408eb55e71b9d8369990e5
tables/09_fold_metrics.csv,.csv,22098,1a776b0584543cc9b89e44d8238e8c0c648f59e89b4313574019799dc2e9e7bd
tables/09_fold_metrics.tex,.tex,17709,9f64cac334a95a3514704a0a43f70bf4c37a7fd03637c810725370a0565c16c6
tables/09_fold_metrics_checkpoint.csv,.csv,22098,1a776b0584543cc9b89e44d8238e8c0c648f59e89b4313574019799dc2e9e7bd
tables/09_fold_metrics_checkpoint.tex,.tex,17709,9f64cac334a95a3514704a0a43f70bf4c37a7fd03637c810725370a0565c16c6
tables/10_best_parameters.csv,.csv,9051,0db28f3a3b7945d11cde5c2ccea3e38061cca86e1ad8c4dc8b9146c29d870851
tables/10_best_parameters.tex,.tex,9838,95d1585b78ed0417bcbc4f1bc87621968f1fdf9c5bfa54d0f755c6fdefe8630c
tables/11_model_performance_summary.csv,.csv,8671,b2c8ecb4178c1e589f273a7188d79523a8f930bd1a50969fb16f2aa61d90647e
tables/11_model_performance_summary.tex,.tex,5719,235366c96e4728f2a9f1b831d53b160984a094949d867ae8fe073c1f71eef509
tables/12_patient_bootstrap_samples.csv,.csv,1315539,7da0f2b535ed38ece64c5b909c130fc6b301ae291de97f17aefab440c95a7b81
tables/12_patient_bootstrap_samples.tex,.tex,1064961,6e64c9ac6f0ec2ced4ba9080d9649542d0181eda7be98670b568e5071714b8ab
tables/13_patient_bootstrap_ci.csv,.csv,1126,a3e0567ef346e044fea169edc45f416ea933b1548412c44a8c908011cf2eb414
tables/13_patient_bootstrap_ci.tex,.tex,875,c98c11ea998f1218c0658b429c2dca4341e624d28318d1b61d110266c6b3654d
tables/14_selection_pairwise_tests.csv,.csv,1412,3be9e4a823fe6880a317d5b95c168819a59af8f09320ae8663adab9d59dd9f2c
tables/14_selection_pairwise_tests.tex,.tex,1276,978826b3c20a793bd56f651cc5ddfbdf8c6541fa85a8b6b110d6d07df6225c56
tables/15_primary_paired_comparisons.csv,.csv,649,50c78ad3d1166834acc62726b16c23e3873c84164425b83b589af1321068180e
tables/15_primary_paired_comparisons.tex,.tex,687,ed9f511df9e9c463a31cfdb9cd321a66c7705a4a0df14bd0b998344159874086
tables/16_calibration_by_fold.csv,.csv,1672,aed5d42d3686cd6b274796fc5913892fae5639478c059d138120b06251e8bc3f
tables/16_calibration_by_fold.tex,.tex,1184,1094af32a6abc5b612f640e3b3e194b3ef5fdfe5b7dfdd8db91a3f13db2e3e4c
tables/17_calibration_summary.csv,.csv,421,6b33145717ba5be48132f885dc1456cf4e6af55f6ecc882fa3d6249a5b14b557
tables/17_calibration_summary.tex,.tex,394,2781357302a2bb724a2bcbc35314fe35f4a7b89234395ad46b941c7bcecb62ef
tables/18_calibrated_predictions.csv,.csv,264456,46de3f9ef3be42a05737e476bb00fd3dea6cc24c8ebea10b05cbbf82af6de0c9
tables/18_calibrated_predictions.tex,.tex,213797,afd5914996b79654d13fbb740bf79e8962965bfefba17ddb834e22c901f6f741
tables/19_imbalance_comparison.csv,.csv,1287,140932c9532339f0c0527af8402080683a3199ed4cde05e6247cf5559c4a2ca0
tables/19_imbalance_comparison.tex,.tex,993,bd14ac6e09f541f141ec00e8e3777f5f8f1b5b1a35c346d5ede23dee51f49dff
tables/20_validation_sensitivity.csv,.csv,666,1534491b0c8444018cf969a04951f143835698b16a761079bb51f97bb86593ec
tables/20_validation_sensitivity.tex,.tex,599,87cf071637a92c88acf3933202c5afc714d89d638fa5e5e86bd4b4c0a9739d7e
tables/21_feature_sensitivity.csv,.csv,465,b1860e55f7d03ffe51f34cf0ae9c299d4ed0d676997aa3fe1e6ec9f3c9aad45b
tables/21_feature_sensitivity.tex,.tex,449,3edc64f86e65e882f48799cc74b381d5d45924495083c156f314eeb999553cad
tables/22_learning_curve_results.csv,.csv,1139,bd965bfdd399f71395182c5800f06fc389442e65239cf01847b4f135be10ec08
tables/22_learning_curve_results.tex,.tex,1177,9877e445a5617c8a888ae10ea8cdd9c8e0543182992e441765865533bf734aa4
tables/23_seed_stability.csv,.csv,4908,5b5a931fcf45c1fed3d820516b863411233fa16973bb52cca61e4e1e6ca732cc
tables/23_seed_stability.tex,.tex,3327,edd41fcd1196ea595f0e54d1016b9bf5073ba8d3abce313993a4b09dade8f681
tables/23b_seed_stability_overall.csv,.csv,1716,a3cb3498be6479fb3b3220c377fa2fc058b2b7b15390f319ed364c8f95e11498
tables/23b_seed_stability_overall.tex,.tex,1281,cc9dbdd061b53e8e48457990a198609ab53c09562d1614b314bbd5d08c981cbd
tables/24_permutation_by_fold.csv,.csv,28135,4c631cb9cbb952c186b669c46835695e701cfc0b34e1afc00463a5e04ccffbcb
tables/24_permutation_by_fold.tex,.tex,26164,683ab5ad99875c0c583f8ecc045b62980988b72d905700f9fa14d211643eb1a9
tables/25_permutation_summary.csv,.csv,6365,1329355811b3b48ed265b5993a563849671d8b3e28169e4a8f5b949735c60a12
tables/25_permutation_summary.tex,.tex,7101,1c2efcd34465097f2075b41c83e964e2596bd2198ffd291e804f2fdc013232b2
tables/26_permutation_family_summary.csv,.csv,1301,fb3df7842f5e9fedbc7972746a55bdb7c33adcc874741b792ae6643f233cdc00
tables/26_permutation_family_summary.tex,.tex,997,50091b6b167e3d346fb441f896d56f7061481feaae11fdc8ca30c79e4cf766bf
tables/27_shap_by_fold.csv,.csv,22111,cd115e409bfdee56585be183b006c710687637f225cdd7dbc011107e34ad0f9f
tables/27_shap_by_fold.tex,.tex,26359,b6f303d5bf4a440d6ebdafbd3913235582c897b39b0294763fe6b965cd52a22f
tables/28_shap_stability.csv,.csv,6563,967af275d35214a4a84189d5dea4afaf95ebad4970acf6733be8b9ac0d09ca88
tables/28_shap_stability.tex,.tex,8025,df36ad208cbe415ad1ee7f4baa4830162de8c2d4efea2aeb5d86dbebe1e7cfc6
tables/29_shap_family_stability.csv,.csv,1348,b15dc7af5f4578104e2953ff5394bab1478a38f4f2002016ad15cd9a6fa0ec6d
tables/29_shap_family_stability.tex,.tex,1271,cfd5d368ef9f6350bd8d780dd910fc5b9316e96132e541ed3756404b176b22fa
tables/30_shap_permutation_agreement.csv,.csv,14122,09b426a509557294db69ef6c56c1ca68e50e628afd0a0b282b280aa0756a46c2
tables/30_shap_permutation_agreement.tex,.tex,13837,8c71c0b1376bd0d2d32c2cbf240f6611e9660ddeff2727f7c80ffed4662d7a0d
tables/31_local_case_summary.csv,.csv,218,0e85721aee427fb5f738b2af6adeae14c13838a82837739c8e08b369f89f36c1
tables/31_local_case_summary.tex,.tex,303,28d30210da512d27c7f4b6464dbe6dade5bdab4ac31b3da195b490dc3a3a52db
tables/32_local_shap_values.csv,.csv,16024,fb66be241bbdd4328f129576477ae638a699fea13d7513b4f8c89ecfb2962621
tables/32_local_shap_values.tex,.tex,17953,2d9347c5f620e11598e143b59ab543911b5ad74a15b12ca12a8442b52791e5aa
tables/33_local_lime_values.csv,.csv,3096,8a1fce8f6f7ab3471e94e05f307e4a019ade720aebc741bf5b6009d63d71c349
tables/33_local_lime_values.tex,.tex,3116,321c6f9d48eb2f0313860e947b504e63a2ab4debb2873355d0f55367795f080c
tables/34_local_shap_lime_agreement.csv,.csv,182,8f25afe13aa4de343ba01be5def94da6e91e0d0c5a9e0dd68983fb01ada4fc0b
tables/34_local_shap_lime_agreement.tex,.tex,284,dea5e5f03c15d6776efd26f1119f0ac370f2279ef49137274ba0a64f86b09761
tables/35_stable_shap_interactions.csv,.csv,245631,1affe2e7d16a360db49694fba6799bde012fc5c139904da185f11d299ef341d9
tables/35_stable_shap_interactions.tex,.tex,291639,2a6b69ab4fe02802403b83bf7be88331862da6d64246b0430a9c036f61086aeb
tables/journal_dataset_fingerprints.csv,.csv,420,467bd4b0e12c17e974a915079daab5f5ee739cd7c7858239dd8d80634edb0cd8
tables/journal_dataset_fingerprints.tex,.tex,544,72f66c0b4e90db9412b31c02bc278f96139b851bb274bdecea7477c7f00af511
tables/journal_environment_versions.csv,.csv,363,41307e1b6ee22d3db9b0533d458fcf012a40a0e29c4aa384782787e34e129b15
tables/journal_environment_versions.tex,.tex,557,0d8d217cf39da966f37238739e2cfe9edee0b4977dc8ae5abd52931490238793
tables/journal_final_model_parameters.csv,.csv,1555,02e9203b6c758e938174bf4a4a7cc3bd650657cde6ee6b8cc47f6c9145216623
tables/journal_final_model_parameters.tex,.tex,1932,2bac7941b6e5acafebc099d789d81916360dbb44d5883389a69342b0614128f6
tables/journal_hyperparameter_search_space.csv,.csv,2368,4a9b3be50f0dbb5657c7a6c0830e238d0054f91972f7abd704be05db30da0c51
tables/journal_hyperparameter_search_space.tex,.tex,2894,722ae2d0de9abc1582ebf8400eca79a02e35a7b649e502d4cf5808de535426ee
tables/journal_hyperparameters_per_fold.csv,.csv,9051,0db28f3a3b7945d11cde5c2ccea3e38061cca86e1ad8c4dc8b9146c29d870851
tables/journal_hyperparameters_per_fold.tex,.tex,9838,95d1585b78ed0417bcbc4f1bc87621968f1fdf9c5bfa54d0f755c6fdefe8630c
tables/journal_preprocessing_features.csv,.csv,5013,aba8fd29add09de6d1fdb0cbd74909e97d65088238745a29623f5e707de98324
tables/journal_preprocessing_features.tex,.tex,6374,c198da10930d08eb285e10b367ba62ee199dc7ae104b438ca078ba8834b2387f
tables/paper_table_1a_dataset2_continuous_characteristics.csv,.csv,602,ec24a1ba38d2ef5ba883d4a7af2147e5dfaa6bdbba91bd90901faf9d6b17d5e2
tables/paper_table_1a_dataset2_continuous_characteristics.tex,.tex,824,4c5db5023f526f99380d7803dddb064fe89bdba46af3c5f54df35cb8cf31198e
tables/paper_table_1b_dataset2_binary_characteristics.csv,.csv,715,467e12a6cc44afb309afa36e18d4176a55e7d1f8e7d4c7254c13fa7015a6f304
tables/paper_table_1b_dataset2_binary_characteristics.tex,.tex,786,99c20ac782eb0a78371ba0251ee6d385eaf7e0a543b7f585614d2c225ae38648
tables/paper_table_1c_removed_and_derived_predictors.csv,.csv,462,fa5af96d5b9939806e7f373396d806ce863f2846d19ce2d5c2338e8b7425015b
tables/paper_table_1c_removed_and_derived_predictors.tex,.tex,597,b85f6c3659e5cbbfabad66a91727be3b7777aa44112e9326305f2f307c9a3dcf
tables/paper_table_3_dataset2_performance.csv,.csv,2572,86d250eef1d19061d787e87e5114b6d1a0a4e4cb24bae2139f93c2dd783119a5
tables/paper_table_3_dataset2_performance.tex,.tex,3031,e884248ec617a95eff0145945ca5b9b47dedfc79eff3aed9d95401e62f9be010
tables/paper_table_4_robustness.csv,.csv,5748,10acfe90560fec9a5b4a7c4761d4d9207ea078ce9b23fefdf8b5466d9a853799
tables/paper_table_4_robustness.tex,.tex,5304,27942414fa10de993bc45c41ae9e953ab0318377d55d098641a9e356d107b192
tables/paper_table_5_explanation_summary.csv,.csv,8667,5ea6889e49d136855d79d12178dbcc23a7c10e01a1eaef0924ad0c095fbf2ce3
tables/paper_table_5_explanation_summary.tex,.tex,9666,0920c0316202ca34732dde4b5c859604618fc1cbaa8f60ffd63f58c4b01a04ea
